This is pdfTeX, Version 3.141592653-2.6-1.40.29 (TeX Live 2026/Homebrew) (preloaded format=pdflatex 2026.3.4)  1 SEP 2026 23:14
entering extended mode
 \write18 enabled.
 %&-line parsing enabled.
**notes.tex
(./notes.tex
LaTeX2e <2025-11-01>
L3 programming layer <2026-01-19>

(/opt/homebrew/Cellar/texlive/20260301/share/texmf-dist/tex/latex/base/book.cls
Document Class: book 2025/01/22 v1.4n Standard LaTeX document class

(/opt/homebrew/Cellar/texlive/20260301/share/texmf-dist/tex/latex/base/bk11.clo
File: bk11.clo 2025/01/22 v1.4n Standard LaTeX file (size option)
)
\c@part=\count275
\c@chapter=\count276
\c@section=\count277
\c@subsection=\count278
\c@subsubsection=\count279
\c@paragraph=\count280
\c@subparagraph=\count281
\c@figure=\count282
\c@table=\count283
\abovecaptionskip=\skip49
\belowcaptionskip=\skip50
\bibindent=\dimen148
)
(/opt/homebrew/Cellar/texlive/20260301/share/texmf-dist/tex/latex/base/inputenc
.sty
Package: inputenc 2024/02/08 v1.3d Input encoding file
\inpenc@prehook=\toks17
\inpenc@posthook=\toks18
)
(/opt/homebrew/Cellar/texlive/20260301/share/texmf-dist/tex/latex/anyfontsize/a
nyfontsize.sty
Package: anyfontsize 2007/11/22 anyfontsize.sty by pts
)
(/opt/homebrew/Cellar/texlive/20260301/share/texmf-dist/tex/latex/sectsty/sects
ty.sty
Package: sectsty 2002/02/25 v2.0.2 Commands to change all sectional heading sty
les


LaTeX Warning: Command \underbar  has changed.
               Check if current package is valid.


LaTeX Warning: Command \underline  has changed.
               Check if current package is valid.

)
(/opt/homebrew/Cellar/texlive/20260301/share/texmf-dist/tex/latex/fontawesome/f
ontawesome.sty
Package: fontawesome 2016/05/15 v4.6.3.1 font awesome icons

(/opt/homebrew/Cellar/texlive/20260301/share/texmf-dist/tex/generic/iftex/ifxet
ex.sty
Package: ifxetex 2019/10/25 v0.7 ifxetex legacy package. Use iftex instead.

(/opt/homebrew/Cellar/texlive/20260301/share/texmf-dist/tex/generic/iftex/iftex
.sty
Package: iftex 2024/12/12 v1.0g TeX engine tests
))
(/opt/homebrew/Cellar/texlive/20260301/share/texmf-dist/tex/generic/iftex/iflua
tex.sty
Package: ifluatex 2019/10/25 v1.5 ifluatex legacy package. Use iftex instead.
)
(/opt/homebrew/Cellar/texlive/20260301/share/texmf-dist/tex/latex/fontawesome/f
ontawesomesymbols-generic.tex)
(/opt/homebrew/Cellar/texlive/20260301/share/texmf-dist/tex/latex/fontawesome/f
ontawesomesymbols-pdftex.tex))
(/opt/homebrew/Cellar/texlive/20260301/share/texmf-dist/tex/latex/geometry/geom
etry.sty
Package: geometry 2020/01/02 v5.9 Page Geometry

(/opt/homebrew/Cellar/texlive/20260301/share/texmf-dist/tex/latex/graphics/keyv
al.sty
Package: keyval 2022/05/29 v1.15 key=value parser (DPC)
\KV@toks@=\toks19
)
(/opt/homebrew/Cellar/texlive/20260301/share/texmf-dist/tex/generic/iftex/ifvte
x.sty
Package: ifvtex 2019/10/25 v1.7 ifvtex legacy package. Use iftex instead.
)
\Gm@cnth=\count284
\Gm@cntv=\count285
\c@Gm@tempcnt=\count286
\Gm@bindingoffset=\dimen149
\Gm@wd@mp=\dimen150
\Gm@odd@mp=\dimen151
\Gm@even@mp=\dimen152
\Gm@layoutwidth=\dimen153
\Gm@layoutheight=\dimen154
\Gm@layouthoffset=\dimen155
\Gm@layoutvoffset=\dimen156
\Gm@dimlist=\toks20
)
(/opt/homebrew/Cellar/texlive/20260301/share/texmf-dist/tex/latex/lineno/lineno
.sty
Package: lineno 2026/02/16 line numbers on paragraphs v5.7

(/opt/homebrew/Cellar/texlive/20260301/share/texmf-dist/tex/latex/etoolbox/etoo
lbox.sty
Package: etoolbox 2025/10/02 v2.5m e-TeX tools for LaTeX (JAW)
\etb@tempcnta=\count287
)
(/opt/homebrew/Cellar/texlive/20260301/share/texmf-dist/tex/latex/kvoptions/kvo
ptions.sty
Package: kvoptions 2022-06-15 v3.15 Key value format for package options (HO)

(/opt/homebrew/Cellar/texlive/20260301/share/texmf-dist/tex/generic/ltxcmds/ltx
cmds.sty
Package: ltxcmds 2023-12-04 v1.26 LaTeX kernel commands for general use (HO)
)
(/opt/homebrew/Cellar/texlive/20260301/share/texmf-dist/tex/latex/kvsetkeys/kvs
etkeys.sty
Package: kvsetkeys 2022-10-05 v1.19 Key value parser (HO)
))
\linenopenalty=\count288
\output=\toks21
\linenoprevgraf=\count289
\linenumbersep=\dimen157
\linenumberwidth=\dimen158
\c@linenumber=\count290
\c@pagewiselinenumber=\count291
\c@LN@truepage=\count292
\c@internallinenumber=\count293
\c@internallinenumbers=\count294
\quotelinenumbersep=\dimen159
\bframerule=\dimen160
\bframesep=\dimen161
\bframebox=\box53
)
(/opt/homebrew/Cellar/texlive/20260301/share/texmf-dist/tex/latex/amsmath/amsma
th.sty
Package: amsmath 2025/07/09 v2.17z AMS math features
\@mathmargin=\skip51

For additional information on amsmath, use the `?' option.

(/opt/homebrew/Cellar/texlive/20260301/share/texmf-dist/tex/latex/amsmath/amste
xt.sty
Package: amstext 2024/11/17 v2.01 AMS text

(/opt/homebrew/Cellar/texlive/20260301/share/texmf-dist/tex/latex/amsmath/amsge
n.sty
File: amsgen.sty 1999/11/30 v2.0 generic functions
\@emptytoks=\toks22
\ex@=\dimen162
))
(/opt/homebrew/Cellar/texlive/20260301/share/texmf-dist/tex/latex/amsmath/amsbs
y.sty
Package: amsbsy 1999/11/29 v1.2d Bold Symbols
\pmbraise@=\dimen163
)
(/opt/homebrew/Cellar/texlive/20260301/share/texmf-dist/tex/latex/amsmath/amsop
n.sty
Package: amsopn 2022/04/08 v2.04 operator names
)
\inf@bad=\count295
LaTeX Info: Redefining \frac on input line 233.
\uproot@=\count296
\leftroot@=\count297
LaTeX Info: Redefining \overline on input line 398.
LaTeX Info: Redefining \colon on input line 409.
\classnum@=\count298
\DOTSCASE@=\count299
LaTeX Info: Redefining \ldots on input line 495.
LaTeX Info: Redefining \dots on input line 498.
LaTeX Info: Redefining \cdots on input line 619.
\Mathstrutbox@=\box54
\strutbox@=\box55
LaTeX Info: Redefining \big on input line 721.
LaTeX Info: Redefining \Big on input line 722.
LaTeX Info: Redefining \bigg on input line 723.
LaTeX Info: Redefining \Bigg on input line 724.
\big@size=\dimen164
LaTeX Font Info:    Redeclaring font encoding OML on input line 742.
LaTeX Font Info:    Redeclaring font encoding OMS on input line 743.
\macc@depth=\count300
LaTeX Info: Redefining \bmod on input line 904.
LaTeX Info: Redefining \pmod on input line 909.
LaTeX Info: Redefining \smash on input line 939.
LaTeX Info: Redefining \relbar on input line 969.
LaTeX Info: Redefining \Relbar on input line 970.
\c@MaxMatrixCols=\count301
\dotsspace@=\muskip17
\c@parentequation=\count302
\dspbrk@lvl=\count303
\tag@help=\toks23
\row@=\count304
\column@=\count305
\maxfields@=\count306
\andhelp@=\toks24
\eqnshift@=\dimen165
\alignsep@=\dimen166
\tagshift@=\dimen167
\tagwidth@=\dimen168
\totwidth@=\dimen169
\lineht@=\dimen170
\@envbody=\toks25
\multlinegap=\skip52
\multlinetaggap=\skip53
\mathdisplay@stack=\toks26
LaTeX Info: Redefining \[ on input line 2950.
LaTeX Info: Redefining \] on input line 2951.
)
\@LN@amsmath@ams@eqpen=\count307

(/opt/homebrew/Cellar/texlive/20260301/share/texmf-dist/tex/latex/appendix/appe
ndix.sty
Package: appendix 2020/02/08 v1.2c extra appendix facilities
\c@@pps=\count308
\c@@ppsavesec=\count309
\c@@ppsaveapp=\count310
)
(/opt/homebrew/Cellar/texlive/20260301/share/texmf-dist/tex/latex/endnotes/endn
otes.sty
Package: endnotes 2020-01-02 endnotes package
\c@endnote=\count311
\endnotesep=\dimen171
\@enotes=\write3
)
(/opt/homebrew/Cellar/texlive/20260301/share/texmf-dist/tex/latex/xcolor/xcolor
.sty
Package: xcolor 2024/09/29 v3.02 LaTeX color extensions (UK)

(/opt/homebrew/Cellar/texlive/20260301/share/texmf-dist/tex/latex/graphics-cfg/
color.cfg
File: color.cfg 2016/01/02 v1.6 sample color configuration
)
Package xcolor Info: Driver file: pdftex.def on input line 274.

(/opt/homebrew/Cellar/texlive/20260301/share/texmf-dist/tex/latex/graphics-def/
pdftex.def
File: pdftex.def 2025/09/29 v1.2d Graphics/color driver for pdftex
)
(/opt/homebrew/Cellar/texlive/20260301/share/texmf-dist/tex/latex/graphics/math
color.ltx)
Package xcolor Info: Model `cmy' substituted by `cmy0' on input line 1349.
Package xcolor Info: Model `hsb' substituted by `rgb' on input line 1353.
Package xcolor Info: Model `RGB' extended on input line 1365.
Package xcolor Info: Model `HTML' substituted by `rgb' on input line 1367.
Package xcolor Info: Model `Hsb' substituted by `hsb' on input line 1368.
Package xcolor Info: Model `tHsb' substituted by `hsb' on input line 1369.
Package xcolor Info: Model `HSB' substituted by `hsb' on input line 1370.
Package xcolor Info: Model `Gray' substituted by `gray' on input line 1371.
Package xcolor Info: Model `wave' substituted by `hsb' on input line 1372.
)
(/opt/homebrew/Cellar/texlive/20260301/share/texmf-dist/tex/latex/graphics/dvip
snam.def
File: dvipsnam.def 2016/06/17 v3.0m Driver-dependent file (DPC,SPQR)
)
(/opt/homebrew/Cellar/texlive/20260301/share/texmf-dist/tex/latex/minted/minted
.sty
Package: minted 2025/05/14 v3.7.0 Yet another Pygments shim for LaTeX

(/opt/homebrew/Cellar/texlive/20260301/share/texmf-dist/tex/generic/catchfile/c
atchfile.sty
Package: catchfile 2019/12/09 v1.8 Catch the contents of a file (HO)

(/opt/homebrew/Cellar/texlive/20260301/share/texmf-dist/tex/generic/infwarerr/i
nfwarerr.sty
Package: infwarerr 2019/12/03 v1.5 Providing info/warning/error messages (HO)
)
(/opt/homebrew/Cellar/texlive/20260301/share/texmf-dist/tex/generic/etexcmds/et
excmds.sty
Package: etexcmds 2019/12/15 v1.7 Avoid name clashes with e-TeX commands (HO)
))
(/opt/homebrew/Cellar/texlive/20260301/share/texmf-dist/tex/latex/fvextra/fvext
ra.sty
Package: fvextra 2026/02/25 v1.14.0 fvextra - extensions and patches for fancyv
rb

(/opt/homebrew/Cellar/texlive/20260301/share/texmf-dist/tex/latex/fancyvrb/fanc
yvrb.sty
Package: fancyvrb 2025/07/28 4.6 verbatim text (tvz,hv)
\FV@CodeLineNo=\count312
\FV@InFile=\read2
\FV@TabBox=\box56
\c@FancyVerbLine=\count313
\FV@StepNumber=\count314
\FV@OutFile=\write4
)
(/opt/homebrew/Cellar/texlive/20260301/share/texmf-dist/tex/latex/upquote/upquo
te.sty
Package: upquote 2012/04/19 v1.3 upright-quote and grave-accent glyphs in verba
tim
)
\c@FancyVerbWriteLine=\count315
\c@FancyVerbBufferLine=\count316
\c@FV@TrueTabGroupLevel=\count317
\c@FV@TrueTabCounter=\count318
\FV@TabBox@Group=\box57
\FV@bgcolorstructbox=\box58
\FV@TmpLength=\skip54
\c@FV@HighlightLinesStart=\count319
\c@FV@HighlightLinesStop=\count320
\FV@LoopCount=\count321
\FV@NCharsBox=\box59
\FV@BreakIndent=\dimen172
\FV@BreakIndentNChars=\count322
\FV@BreakSymbolSepLeft=\dimen173
\FV@BreakSymbolSepLeftNChars=\count323
\FV@BreakSymbolSepRight=\dimen174
\FV@BreakSymbolSepRightNChars=\count324
\FV@BreakSymbolIndentLeft=\dimen175
\FV@BreakSymbolIndentLeftNChars=\count325
\FV@BreakSymbolIndentRight=\dimen176
\FV@BreakSymbolIndentRightNChars=\count326
\c@FancyVerbLineBreakLast=\count327
\FV@LineBox=\box60
\FV@LineIndentBox=\box61
\c@FV@BreakBufferDepth=\count328
\FV@LineWidth=\dimen177
)
(/opt/homebrew/Cellar/texlive/20260301/share/texmf-dist/tex/latex/latex2pydata/
latex2pydata.sty
Package: latex2pydata 2026/02/25 v0.7.0 latex2pydata - write data to file in Py
thon literal format
)
(/opt/homebrew/Cellar/texlive/20260301/share/texmf-dist/tex/generic/pdftexcmds/
pdftexcmds.sty
Package: pdftexcmds 2020-06-27 v0.33 Utility functions of pdfTeX for LuaTeX (HO
)
Package pdftexcmds Info: \pdf@primitive is available.
Package pdftexcmds Info: \pdf@ifprimitive is available.
Package pdftexcmds Info: \pdfdraftmode found.
)
(/opt/homebrew/Cellar/texlive/20260301/share/texmf-dist/tex/latex/pgf/utilities
/pgfkeys.sty
(/opt/homebrew/Cellar/texlive/20260301/share/texmf-dist/tex/generic/pgf/utiliti
es/pgfkeys.code.tex
\pgfkeys@pathtoks=\toks27
\pgfkeys@temptoks=\toks28

(/opt/homebrew/Cellar/texlive/20260301/share/texmf-dist/tex/generic/pgf/utiliti
es/pgfkeyslibraryfiltered.code.tex
\pgfkeys@tmptoks=\toks29
)))
(/opt/homebrew/Cellar/texlive/20260301/share/texmf-dist/tex/latex/pgfopts/pgfop
ts.sty
Package: pgfopts 2014/07/10 v2.1a LaTeX package options with pgfkeys
\pgfopts@list@add@a@toks=\toks30
\pgfopts@list@add@b@toks=\toks31
)
(/opt/homebrew/Cellar/texlive/20260301/share/texmf-dist/tex/latex/tools/shelles
c.sty
Package: shellesc 2023/07/08 v1.0d unified shell escape interface for LaTeX
Package shellesc Info: Unrestricted shell escape enabled on input line 75.
)
(/opt/homebrew/Cellar/texlive/20260301/share/texmf-dist/tex/latex/newfloat/newf
loat.sty
Package: newfloat 2023/10/01 v1.2 Defining new floating environments (AR)
Package newfloat Info: Document class `book' detected (original).
)
\c@minted@FancyVerbLineTemp=\count329
Package newfloat Info: New float `listing' with options `fileext=lol,placement=
tbp' on input line 1939.
\c@listing=\count330
\newfloat@ftype=\count331
Package newfloat Info: float type `listing'=8 on input line 1939.
)
(/opt/homebrew/Cellar/texlive/20260301/share/texmf-dist/tex/latex/tcolorbox/tco
lorbox.sty
Package: tcolorbox 2025/11/28 version 6.9.0 text color boxes

(/opt/homebrew/Cellar/texlive/20260301/share/texmf-dist/tex/latex/pgf/frontendl
ayer/tikz.sty
(/opt/homebrew/Cellar/texlive/20260301/share/texmf-dist/tex/latex/pgf/basiclaye
r/pgf.sty
(/opt/homebrew/Cellar/texlive/20260301/share/texmf-dist/tex/latex/pgf/utilities
/pgfrcs.sty
(/opt/homebrew/Cellar/texlive/20260301/share/texmf-dist/tex/generic/pgf/utiliti
es/pgfutil-common.tex
\pgfutil@everybye=\toks32
\pgfutil@tempdima=\dimen178
\pgfutil@tempdimb=\dimen179
)
(/opt/homebrew/Cellar/texlive/20260301/share/texmf-dist/tex/generic/pgf/utiliti
es/pgfutil-latex.def
\pgfutil@abb=\box62
)
(/opt/homebrew/Cellar/texlive/20260301/share/texmf-dist/tex/generic/pgf/utiliti
es/pgfrcs.code.tex
(/opt/homebrew/Cellar/texlive/20260301/share/texmf-dist/tex/generic/pgf/pgf.rev
ision.tex)
Package: pgfrcs 2025-08-29 v3.1.11a (3.1.11a)
))
Package: pgf 2025-08-29 v3.1.11a (3.1.11a)

(/opt/homebrew/Cellar/texlive/20260301/share/texmf-dist/tex/latex/pgf/basiclaye
r/pgfcore.sty
(/opt/homebrew/Cellar/texlive/20260301/share/texmf-dist/tex/latex/graphics/grap
hicx.sty
Package: graphicx 2024/12/31 v1.2e Enhanced LaTeX Graphics (DPC,SPQR)

(/opt/homebrew/Cellar/texlive/20260301/share/texmf-dist/tex/latex/graphics/grap
hics.sty
Package: graphics 2024/08/06 v1.4g Standard LaTeX Graphics (DPC,SPQR)

(/opt/homebrew/Cellar/texlive/20260301/share/texmf-dist/tex/latex/graphics/trig
.sty
Package: trig 2023/12/02 v1.11 sin cos tan (DPC)
)
(/opt/homebrew/Cellar/texlive/20260301/share/texmf-dist/tex/latex/graphics-cfg/
graphics.cfg
File: graphics.cfg 2016/06/04 v1.11 sample graphics configuration
)
Package graphics Info: Driver file: pdftex.def on input line 106.
)
\Gin@req@height=\dimen180
\Gin@req@width=\dimen181
)
(/opt/homebrew/Cellar/texlive/20260301/share/texmf-dist/tex/latex/pgf/systemlay
er/pgfsys.sty
(/opt/homebrew/Cellar/texlive/20260301/share/texmf-dist/tex/generic/pgf/systeml
ayer/pgfsys.code.tex
Package: pgfsys 2025-08-29 v3.1.11a (3.1.11a)
\pgf@x=\dimen182
\pgf@y=\dimen183
\pgf@xa=\dimen184
\pgf@ya=\dimen185
\pgf@xb=\dimen186
\pgf@yb=\dimen187
\pgf@xc=\dimen188
\pgf@yc=\dimen189
\pgf@xd=\dimen190
\pgf@yd=\dimen191
\w@pgf@writea=\write5
\r@pgf@reada=\read3
\c@pgf@counta=\count332
\c@pgf@countb=\count333
\c@pgf@countc=\count334
\c@pgf@countd=\count335
\t@pgf@toka=\toks33
\t@pgf@tokb=\toks34
\t@pgf@tokc=\toks35
\pgf@sys@id@count=\count336

(/opt/homebrew/Cellar/texlive/20260301/share/texmf-dist/tex/generic/pgf/systeml
ayer/pgf.cfg
File: pgf.cfg 2025-08-29 v3.1.11a (3.1.11a)
)
Driver file for pgf: pgfsys-pdftex.def

(/opt/homebrew/Cellar/texlive/20260301/share/texmf-dist/tex/generic/pgf/systeml
ayer/pgfsys-pdftex.def
File: pgfsys-pdftex.def 2025-08-29 v3.1.11a (3.1.11a)

(/opt/homebrew/Cellar/texlive/20260301/share/texmf-dist/tex/generic/pgf/systeml
ayer/pgfsys-common-pdf.def
File: pgfsys-common-pdf.def 2025-08-29 v3.1.11a (3.1.11a)
)))
(/opt/homebrew/Cellar/texlive/20260301/share/texmf-dist/tex/generic/pgf/systeml
ayer/pgfsyssoftpath.code.tex
File: pgfsyssoftpath.code.tex 2025-08-29 v3.1.11a (3.1.11a)
\pgfsyssoftpath@smallbuffer@items=\count337
\pgfsyssoftpath@bigbuffer@items=\count338
)
(/opt/homebrew/Cellar/texlive/20260301/share/texmf-dist/tex/generic/pgf/systeml
ayer/pgfsysprotocol.code.tex
File: pgfsysprotocol.code.tex 2025-08-29 v3.1.11a (3.1.11a)
))
(/opt/homebrew/Cellar/texlive/20260301/share/texmf-dist/tex/generic/pgf/basicla
yer/pgfcore.code.tex
Package: pgfcore 2025-08-29 v3.1.11a (3.1.11a)

(/opt/homebrew/Cellar/texlive/20260301/share/texmf-dist/tex/generic/pgf/math/pg
fmath.code.tex
(/opt/homebrew/Cellar/texlive/20260301/share/texmf-dist/tex/generic/pgf/math/pg
fmathutil.code.tex)
(/opt/homebrew/Cellar/texlive/20260301/share/texmf-dist/tex/generic/pgf/math/pg
fmathparser.code.tex
\pgfmath@dimen=\dimen192
\pgfmath@count=\count339
\pgfmath@box=\box63
\pgfmath@toks=\toks36
\pgfmath@stack@operand=\toks37
\pgfmath@stack@operation=\toks38
)
(/opt/homebrew/Cellar/texlive/20260301/share/texmf-dist/tex/generic/pgf/math/pg
fmathfunctions.code.tex)
(/opt/homebrew/Cellar/texlive/20260301/share/texmf-dist/tex/generic/pgf/math/pg
fmathfunctions.basic.code.tex)
(/opt/homebrew/Cellar/texlive/20260301/share/texmf-dist/tex/generic/pgf/math/pg
fmathfunctions.trigonometric.code.tex)
(/opt/homebrew/Cellar/texlive/20260301/share/texmf-dist/tex/generic/pgf/math/pg
fmathfunctions.random.code.tex)
(/opt/homebrew/Cellar/texlive/20260301/share/texmf-dist/tex/generic/pgf/math/pg
fmathfunctions.comparison.code.tex)
(/opt/homebrew/Cellar/texlive/20260301/share/texmf-dist/tex/generic/pgf/math/pg
fmathfunctions.base.code.tex)
(/opt/homebrew/Cellar/texlive/20260301/share/texmf-dist/tex/generic/pgf/math/pg
fmathfunctions.round.code.tex)
(/opt/homebrew/Cellar/texlive/20260301/share/texmf-dist/tex/generic/pgf/math/pg
fmathfunctions.misc.code.tex)
(/opt/homebrew/Cellar/texlive/20260301/share/texmf-dist/tex/generic/pgf/math/pg
fmathfunctions.integerarithmetics.code.tex)
(/opt/homebrew/Cellar/texlive/20260301/share/texmf-dist/tex/generic/pgf/math/pg
fmathcalc.code.tex)
(/opt/homebrew/Cellar/texlive/20260301/share/texmf-dist/tex/generic/pgf/math/pg
fmathfloat.code.tex
\c@pgfmathroundto@lastzeros=\count340
))
(/opt/homebrew/Cellar/texlive/20260301/share/texmf-dist/tex/generic/pgf/math/pg
fint.code.tex)
(/opt/homebrew/Cellar/texlive/20260301/share/texmf-dist/tex/generic/pgf/basicla
yer/pgfcorepoints.code.tex
File: pgfcorepoints.code.tex 2025-08-29 v3.1.11a (3.1.11a)
\pgf@picminx=\dimen193
\pgf@picmaxx=\dimen194
\pgf@picminy=\dimen195
\pgf@picmaxy=\dimen196
\pgf@pathminx=\dimen197
\pgf@pathmaxx=\dimen198
\pgf@pathminy=\dimen199
\pgf@pathmaxy=\dimen256
\pgf@xx=\dimen257
\pgf@xy=\dimen258
\pgf@yx=\dimen259
\pgf@yy=\dimen260
\pgf@zx=\dimen261
\pgf@zy=\dimen262
)
(/opt/homebrew/Cellar/texlive/20260301/share/texmf-dist/tex/generic/pgf/basicla
yer/pgfcorepathconstruct.code.tex
File: pgfcorepathconstruct.code.tex 2025-08-29 v3.1.11a (3.1.11a)
\pgf@path@lastx=\dimen263
\pgf@path@lasty=\dimen264
)
(/opt/homebrew/Cellar/texlive/20260301/share/texmf-dist/tex/generic/pgf/basicla
yer/pgfcorepathusage.code.tex
File: pgfcorepathusage.code.tex 2025-08-29 v3.1.11a (3.1.11a)
\pgf@shorten@end@additional=\dimen265
\pgf@shorten@start@additional=\dimen266
)
(/opt/homebrew/Cellar/texlive/20260301/share/texmf-dist/tex/generic/pgf/basicla
yer/pgfcorescopes.code.tex
File: pgfcorescopes.code.tex 2025-08-29 v3.1.11a (3.1.11a)
\pgfpic=\box64
\pgf@hbox=\box65
\pgf@layerbox@main=\box66
\pgf@picture@serial@count=\count341
)
(/opt/homebrew/Cellar/texlive/20260301/share/texmf-dist/tex/generic/pgf/basicla
yer/pgfcoregraphicstate.code.tex
File: pgfcoregraphicstate.code.tex 2025-08-29 v3.1.11a (3.1.11a)
\pgflinewidth=\dimen267
)
(/opt/homebrew/Cellar/texlive/20260301/share/texmf-dist/tex/generic/pgf/basicla
yer/pgfcoretransformations.code.tex
File: pgfcoretransformations.code.tex 2025-08-29 v3.1.11a (3.1.11a)
\pgf@pt@x=\dimen268
\pgf@pt@y=\dimen269
\pgf@pt@temp=\dimen270
)
(/opt/homebrew/Cellar/texlive/20260301/share/texmf-dist/tex/generic/pgf/basicla
yer/pgfcorequick.code.tex
File: pgfcorequick.code.tex 2025-08-29 v3.1.11a (3.1.11a)
)
(/opt/homebrew/Cellar/texlive/20260301/share/texmf-dist/tex/generic/pgf/basicla
yer/pgfcoreobjects.code.tex
File: pgfcoreobjects.code.tex 2025-08-29 v3.1.11a (3.1.11a)
)
(/opt/homebrew/Cellar/texlive/20260301/share/texmf-dist/tex/generic/pgf/basicla
yer/pgfcorepathprocessing.code.tex
File: pgfcorepathprocessing.code.tex 2025-08-29 v3.1.11a (3.1.11a)
)
(/opt/homebrew/Cellar/texlive/20260301/share/texmf-dist/tex/generic/pgf/basicla
yer/pgfcorearrows.code.tex
File: pgfcorearrows.code.tex 2025-08-29 v3.1.11a (3.1.11a)
\pgfarrowsep=\dimen271
)
(/opt/homebrew/Cellar/texlive/20260301/share/texmf-dist/tex/generic/pgf/basicla
yer/pgfcoreshade.code.tex
File: pgfcoreshade.code.tex 2025-08-29 v3.1.11a (3.1.11a)
\pgf@max=\dimen272
\pgf@sys@shading@range@num=\count342
\pgf@shadingcount=\count343
)
(/opt/homebrew/Cellar/texlive/20260301/share/texmf-dist/tex/generic/pgf/basicla
yer/pgfcoreimage.code.tex
File: pgfcoreimage.code.tex 2025-08-29 v3.1.11a (3.1.11a)
)
(/opt/homebrew/Cellar/texlive/20260301/share/texmf-dist/tex/generic/pgf/basicla
yer/pgfcoreexternal.code.tex
File: pgfcoreexternal.code.tex 2025-08-29 v3.1.11a (3.1.11a)
\pgfexternal@startupbox=\box67
)
(/opt/homebrew/Cellar/texlive/20260301/share/texmf-dist/tex/generic/pgf/basicla
yer/pgfcorelayers.code.tex
File: pgfcorelayers.code.tex 2025-08-29 v3.1.11a (3.1.11a)
)
(/opt/homebrew/Cellar/texlive/20260301/share/texmf-dist/tex/generic/pgf/basicla
yer/pgfcoretransparency.code.tex
File: pgfcoretransparency.code.tex 2025-08-29 v3.1.11a (3.1.11a)
)
(/opt/homebrew/Cellar/texlive/20260301/share/texmf-dist/tex/generic/pgf/basicla
yer/pgfcorepatterns.code.tex
File: pgfcorepatterns.code.tex 2025-08-29 v3.1.11a (3.1.11a)
)
(/opt/homebrew/Cellar/texlive/20260301/share/texmf-dist/tex/generic/pgf/basicla
yer/pgfcorerdf.code.tex
File: pgfcorerdf.code.tex 2025-08-29 v3.1.11a (3.1.11a)
)))
(/opt/homebrew/Cellar/texlive/20260301/share/texmf-dist/tex/generic/pgf/modules
/pgfmoduleshapes.code.tex
File: pgfmoduleshapes.code.tex 2025-08-29 v3.1.11a (3.1.11a)
\pgfnodeparttextbox=\box68
)
(/opt/homebrew/Cellar/texlive/20260301/share/texmf-dist/tex/generic/pgf/modules
/pgfmoduleplot.code.tex
File: pgfmoduleplot.code.tex 2025-08-29 v3.1.11a (3.1.11a)
)
(/opt/homebrew/Cellar/texlive/20260301/share/texmf-dist/tex/latex/pgf/compatibi
lity/pgfcomp-version-0-65.sty
Package: pgfcomp-version-0-65 2025-08-29 v3.1.11a (3.1.11a)
\pgf@nodesepstart=\dimen273
\pgf@nodesepend=\dimen274
)
(/opt/homebrew/Cellar/texlive/20260301/share/texmf-dist/tex/latex/pgf/compatibi
lity/pgfcomp-version-1-18.sty
Package: pgfcomp-version-1-18 2025-08-29 v3.1.11a (3.1.11a)
))
(/opt/homebrew/Cellar/texlive/20260301/share/texmf-dist/tex/latex/pgf/utilities
/pgffor.sty
(/opt/homebrew/Cellar/texlive/20260301/share/texmf-dist/tex/latex/pgf/math/pgfm
ath.sty
(/opt/homebrew/Cellar/texlive/20260301/share/texmf-dist/tex/generic/pgf/math/pg
fmath.code.tex))
(/opt/homebrew/Cellar/texlive/20260301/share/texmf-dist/tex/generic/pgf/utiliti
es/pgffor.code.tex
Package: pgffor 2025-08-29 v3.1.11a (3.1.11a)
\pgffor@iter=\dimen275
\pgffor@skip=\dimen276
\pgffor@stack=\toks39
\pgffor@toks=\toks40
))
(/opt/homebrew/Cellar/texlive/20260301/share/texmf-dist/tex/generic/pgf/fronten
dlayer/tikz/tikz.code.tex
Package: tikz 2025-08-29 v3.1.11a (3.1.11a)

(/opt/homebrew/Cellar/texlive/20260301/share/texmf-dist/tex/generic/pgf/librari
es/pgflibraryplothandlers.code.tex
File: pgflibraryplothandlers.code.tex 2025-08-29 v3.1.11a (3.1.11a)
\pgf@plot@mark@count=\count344
\pgfplotmarksize=\dimen277
)
\tikz@lastx=\dimen278
\tikz@lasty=\dimen279
\tikz@lastxsaved=\dimen280
\tikz@lastysaved=\dimen281
\tikz@lastmovetox=\dimen282
\tikz@lastmovetoy=\dimen283
\tikzleveldistance=\dimen284
\tikzsiblingdistance=\dimen285
\tikz@figbox=\box69
\tikz@figbox@bg=\box70
\tikz@tempbox=\box71
\tikz@tempbox@bg=\box72
\tikztreelevel=\count345
\tikznumberofchildren=\count346
\tikznumberofcurrentchild=\count347
\tikz@fig@count=\count348

(/opt/homebrew/Cellar/texlive/20260301/share/texmf-dist/tex/generic/pgf/modules
/pgfmodulematrix.code.tex
File: pgfmodulematrix.code.tex 2025-08-29 v3.1.11a (3.1.11a)
\pgfmatrixcurrentrow=\count349
\pgfmatrixcurrentcolumn=\count350
\pgf@matrix@numberofcolumns=\count351
)
\tikz@expandcount=\count352

(/opt/homebrew/Cellar/texlive/20260301/share/texmf-dist/tex/generic/pgf/fronten
dlayer/tikz/libraries/tikzlibrarytopaths.code.tex
File: tikzlibrarytopaths.code.tex 2025-08-29 v3.1.11a (3.1.11a)
)))
(/opt/homebrew/Cellar/texlive/20260301/share/texmf-dist/tex/latex/tools/verbati
m.sty
Package: verbatim 2024-01-22 v1.5x LaTeX2e package for verbatim enhancements
\every@verbatim=\toks41
\verbatim@line=\toks42
\verbatim@in@stream=\read4
)
(/opt/homebrew/Cellar/texlive/20260301/share/texmf-dist/tex/latex/environ/envir
on.sty
Package: environ 2014/05/04 v0.3 A new way to define environments

(/opt/homebrew/Cellar/texlive/20260301/share/texmf-dist/tex/latex/trimspaces/tr
imspaces.sty
Package: trimspaces 2009/09/17 v1.1 Trim spaces around a token list
))
\tcb@titlebox=\box73
\tcb@upperbox=\box74
\tcb@lowerbox=\box75
\tcb@phantombox=\box76
\c@tcbbreakpart=\count353
\c@tcblayer=\count354
\c@tcolorbox@number=\count355
\l__tcobox_tmpa_box=\box77
\l__tcobox_tmpa_dim=\dimen286
\tcb@temp=\box78
\tcb@temp=\box79
\tcb@temp=\box80
\tcb@temp=\box81

(/opt/homebrew/Cellar/texlive/20260301/share/texmf-dist/tex/latex/tcolorbox/tcb
raster.code.tex
Library (tcolorbox): 'tcbraster.code.tex' version '6.9.0'
\c@tcbrastercolumn=\count356
\c@tcbrasterrow=\count357
\c@tcbrasternum=\count358
\c@tcbraster=\count359
)
(/opt/homebrew/Cellar/texlive/20260301/share/texmf-dist/tex/latex/tcolorbox/tcb
skins.code.tex
Library (tcolorbox): 'tcbskins.code.tex' version '6.9.0'

(/opt/homebrew/Cellar/texlive/20260301/share/texmf-dist/tex/latex/tikzfill/tikz
fill.image.sty
Package: tikzfill.image 2023/08/08 v1.0.1 Image filling library for TikZ

(/opt/homebrew/Cellar/texlive/20260301/share/texmf-dist/tex/latex/tikzfill/tikz
fill-common.sty
Package: tikzfill-common 2023/08/08 v1.0.1 Auxiliary code for tikzfill
)
(/opt/homebrew/Cellar/texlive/20260301/share/texmf-dist/tex/latex/tikzfill/tikz
libraryfill.image.code.tex
File: tikzlibraryfill.image.code.tex 2023/08/08 v1.0.1 Image filling library
\l__tikzfill_img_box=\box82
))
(/opt/homebrew/Cellar/texlive/20260301/share/texmf-dist/tex/latex/tcolorbox/tcb
skinsjigsaw.code.tex
Library (tcolorbox): 'tcbskinsjigsaw.code.tex' version '6.9.0'
))
(/opt/homebrew/Cellar/texlive/20260301/share/texmf-dist/tex/latex/tcolorbox/tcb
breakable.code.tex
Library (tcolorbox): 'tcbbreakable.code.tex' version '6.9.0'

(/opt/homebrew/Cellar/texlive/20260301/share/texmf-dist/tex/latex/pdfcol/pdfcol
.sty
Package: pdfcol 2022-09-21 v1.7 Handle new color stacks for pdfTeX (HO)
)
Package pdfcol Info: New color stack `tcb@breakable' = 1 on input line 23.
\tcb@testbox=\box83
\tcb@totalupperbox=\box84
\tcb@totallowerbox=\box85
)
(/opt/homebrew/Cellar/texlive/20260301/share/texmf-dist/tex/latex/tcolorbox/tcb
hooks.code.tex
Library (tcolorbox): 'tcbhooks.code.tex' version '6.9.0'
)
(/opt/homebrew/Cellar/texlive/20260301/share/texmf-dist/tex/latex/tcolorbox/tcb
theorems.code.tex
Library (tcolorbox): 'tcbtheorems.code.tex' version '6.9.0'
)
(/opt/homebrew/Cellar/texlive/20260301/share/texmf-dist/tex/latex/tcolorbox/tcb
fitting.code.tex
Library (tcolorbox): 'tcbfitting.code.tex' version '6.9.0'
\tcbfitdim=\dimen287
\tcb@lowerfitdim=\dimen288
\tcb@upperfitdim=\dimen289
\tcb@cur@hbadness=\count360
))
(/opt/homebrew/Cellar/texlive/20260301/share/texmf-dist/tex/latex/tcolorbox/tcb
minted.code.tex
Library (tcolorbox): 'tcbminted.code.tex' version '6.9.0'

(/opt/homebrew/Cellar/texlive/20260301/share/texmf-dist/tex/latex/tcolorbox/tcb
listingscore.code.tex
Library (tcolorbox): 'tcblistingscore.code.tex' version '6.9.0'

(/opt/homebrew/Cellar/texlive/20260301/share/texmf-dist/tex/latex/tcolorbox/tcb
processing.code.tex
Library (tcolorbox): 'tcbprocessing.code.tex' version '6.9.0'
)
\c@tcblisting=\count361
))
(/opt/homebrew/Cellar/texlive/20260301/share/texmf-dist/tex/latex/booktabs/book
tabs.sty
Package: booktabs 2020/01/12 v1.61803398 Publication quality tables
\heavyrulewidth=\dimen290
\lightrulewidth=\dimen291
\cmidrulewidth=\dimen292
\belowrulesep=\dimen293
\belowbottomsep=\dimen294
\aboverulesep=\dimen295
\abovetopsep=\dimen296
\cmidrulesep=\dimen297
\cmidrulekern=\dimen298
\defaultaddspace=\dimen299
\@cmidla=\count362
\@cmidlb=\count363
\@aboverulesep=\dimen300
\@belowrulesep=\dimen301
\@thisruleclass=\count364
\@lastruleclass=\count365
\@thisrulewidth=\dimen302
)
(/opt/homebrew/Cellar/texlive/20260301/share/texmf-dist/tex/latex/tools/tabular
x.sty
Package: tabularx 2023/12/11 v2.12a `tabularx' package (DPC)

(/opt/homebrew/Cellar/texlive/20260301/share/texmf-dist/tex/latex/tools/array.s
ty
Package: array 2025/09/25 v2.6n Tabular extension package (FMi)
\col@sep=\dimen303
\ar@mcellbox=\box86
\extrarowheight=\dimen304
\NC@list=\toks43
\extratabsurround=\skip55
\backup@length=\skip56
\ar@cellbox=\box87
)
\TX@col@width=\dimen305
\TX@old@table=\dimen306
\TX@old@col=\dimen307
\TX@target=\dimen308
\TX@delta=\dimen309
\TX@cols=\count366
\TX@ftn=\toks44
)
(/opt/homebrew/Cellar/texlive/20260301/share/texmf-dist/tex/latex/ragged2e/ragg
ed2e.sty
Package: ragged2e 2023/06/22 v3.6 ragged2e Package
\CenteringLeftskip=\skip57
\RaggedLeftLeftskip=\skip58
\RaggedRightLeftskip=\skip59
\CenteringRightskip=\skip60
\RaggedLeftRightskip=\skip61
\RaggedRightRightskip=\skip62
\CenteringParfillskip=\skip63
\RaggedLeftParfillskip=\skip64
\RaggedRightParfillskip=\skip65
\JustifyingParfillskip=\skip66
\CenteringParindent=\skip67
\RaggedLeftParindent=\skip68
\RaggedRightParindent=\skip69
\JustifyingParindent=\skip70
)
(/opt/homebrew/Cellar/texlive/20260301/share/texmf-dist/tex/latex/multirow/mult
irow.sty
Package: multirow 2024/11/12 v2.9 Span multiple rows of a table
\multirow@colwidth=\skip71
\multirow@cntb=\count367
\multirow@dima=\skip72
\bigstrutjot=\dimen310
)
(/opt/homebrew/Cellar/texlive/20260301/share/texmf-dist/tex/latex/siunitx/siuni
tx.sty
Package: siunitx 2025-07-09 v3.4.14 A comprehensive (SI) units package
\l__siunitx_number_uncert_offset_int=\count368
\l__siunitx_number_exponent_fixed_int=\count369
\l__siunitx_number_min_decimal_int=\count370
\l__siunitx_number_min_integer_int=\count371
\l__siunitx_number_round_precision_int=\count372
\l__siunitx_number_lower_threshold_int=\count373
\l__siunitx_number_upper_threshold_int=\count374
\l__siunitx_number_group_first_int=\count375
\l__siunitx_number_group_size_int=\count376
\l__siunitx_number_group_minimum_int=\count377
\l__siunitx_angle_tmp_dim=\dimen311
\l__siunitx_angle_marker_box=\box88
\l__siunitx_angle_unit_box=\box89
\l__siunitx_compound_count_int=\count378

(/opt/homebrew/Cellar/texlive/20260301/share/texmf-dist/tex/latex/translations/
translations.sty
Package: translations 2022/02/05 v1.12 internationalization of LaTeX2e packages
 (CN)
)
\l__siunitx_table_tmp_box=\box90
\l__siunitx_table_tmp_dim=\dimen312
\l__siunitx_table_column_width_dim=\dimen313
\l__siunitx_table_integer_box=\box91
\l__siunitx_table_decimal_box=\box92
\l__siunitx_table_uncert_box=\box93
\l__siunitx_table_before_box=\box94
\l__siunitx_table_after_box=\box95
\l__siunitx_table_before_dim=\dimen314
\l__siunitx_table_carry_dim=\dimen315
\l__siunitx_unit_tmp_int=\count379
\l__siunitx_unit_position_int=\count380
\l__siunitx_unit_total_int=\count381
)

Package siunitx Info: Option "detect-all" has been deprecated in this release.
(siunitx)             
(siunitx)             Use "mode = match, propagate-math-font = true,
(siunitx)             reset-math-version = false, reset-text-family = false,
(siunitx)             reset-text-series = false, reset-text-shape = false,
(siunitx)             text-family-to-math = true, text-series-to-math = true"
(siunitx)             as a replacement.


(/opt/homebrew/Cellar/texlive/20260301/share/texmf-dist/tex/latex/adjustbox/adj
ustbox.sty
Package: adjustbox 2025/02/26 v1.3c Adjusting TeX boxes (trim, clip, ...)

(/opt/homebrew/Cellar/texlive/20260301/share/texmf-dist/tex/latex/xkeyval/xkeyv
al.sty
Package: xkeyval 2025/11/04 v2.10 package option processing (HA)

(/opt/homebrew/Cellar/texlive/20260301/share/texmf-dist/tex/generic/xkeyval/xke
yval.tex
(/opt/homebrew/Cellar/texlive/20260301/share/texmf-dist/tex/generic/xkeyval/xkv
utils.tex
\XKV@toks=\toks45
\XKV@tempa@toks=\toks46
\XKV@tempb@toks=\toks47
)
\XKV@depth=\count382
File: xkeyval.tex 2014/12/03 v2.7a key=value parser (HA)
))
(/opt/homebrew/Cellar/texlive/20260301/share/texmf-dist/tex/latex/adjustbox/adj
calc.sty
Package: adjcalc 2012/05/16 v1.1 Provides advanced setlength with multiple back
-ends (calc, etex, pgfmath)
)
(/opt/homebrew/Cellar/texlive/20260301/share/texmf-dist/tex/latex/adjustbox/tri
mclip.sty
Package: trimclip 2025/02/21 v1.2a Trim and clip general TeX material

(/opt/homebrew/Cellar/texlive/20260301/share/texmf-dist/tex/latex/collectbox/co
llectbox.sty
Package: collectbox 2022/10/17 v0.4c Collect macro arguments as boxes
\collectedbox=\box96
)
\tc@llx=\dimen316
\tc@lly=\dimen317
\tc@urx=\dimen318
\tc@ury=\dimen319
Package trimclip Info: Using driver 'tc-pdftex.def'.

(/opt/homebrew/Cellar/texlive/20260301/share/texmf-dist/tex/latex/adjustbox/tc-
pdftex.def
File: tc-pdftex.def 2025/02/26 v2.3 Clipping driver for pdftex
))
\adjbox@Width=\dimen320
\adjbox@Height=\dimen321
\adjbox@Depth=\dimen322
\adjbox@Totalheight=\dimen323
\adjbox@pwidth=\dimen324
\adjbox@pheight=\dimen325
\adjbox@pdepth=\dimen326
\adjbox@ptotalheight=\dimen327

(/opt/homebrew/Cellar/texlive/20260301/share/texmf-dist/tex/latex/ifoddpage/ifo
ddpage.sty
Package: ifoddpage 2022/10/18 v1.2 Conditionals for odd/even page detection
\c@checkoddpage=\count383
)
(/opt/homebrew/Cellar/texlive/20260301/share/texmf-dist/tex/latex/varwidth/varw
idth.sty
Package: varwidth 2009/03/30 ver 0.92;  Variable-width minipages
\@vwid@box=\box97
\sift@deathcycles=\count384
\@vwid@loff=\dimen328
\@vwid@roff=\dimen329
)
==> First Aid for varwidth.sty applied!
)
(/opt/homebrew/Cellar/texlive/20260301/share/texmf-dist/tex/latex/graphics/rota
ting.sty
Package: rotating 2025/01/14 v2.16e rotated objects in LaTeX

(/opt/homebrew/Cellar/texlive/20260301/share/texmf-dist/tex/latex/base/ifthen.s
ty
Package: ifthen 2024/03/16 v1.1e Standard LaTeX ifthen package (DPC)
)
\c@r@tfl@t=\count385
\rotFPtop=\skip73
\rotFPbot=\skip74
\rot@float@box=\box98
\rot@mess@toks=\toks48
)
(/opt/homebrew/Cellar/texlive/20260301/share/texmf-dist/tex/latex/threeparttabl
e/threeparttable.sty
Package: threeparttable 2003/06/13  v 3.0
\@tempboxb=\box99
)
(/opt/homebrew/Cellar/texlive/20260301/share/texmf-dist/tex/latex/caption/capti
on.sty
Package: caption 2023/08/05 v3.6o Customizing captions (AR)

(/opt/homebrew/Cellar/texlive/20260301/share/texmf-dist/tex/latex/caption/capti
on3.sty
Package: caption3 2023/07/31 v2.4d caption3 kernel (AR)
\caption@tempdima=\dimen330
\captionmargin=\dimen331
\caption@leftmargin=\dimen332
\caption@rightmargin=\dimen333
\caption@width=\dimen334
\caption@indent=\dimen335
\caption@parindent=\dimen336
\caption@hangindent=\dimen337
Package caption Info: Standard document class detected.
)
\c@caption@flags=\count386
\c@continuedfloat=\count387
Package caption Info: rotating package is loaded.
Package caption Info: threeparttable package is loaded.
)
(/opt/homebrew/Cellar/texlive/20260301/share/texmf-dist/tex/latex/tools/calc.st
y
Package: calc 2025/03/01 v4.3b Infix arithmetic (KKT,FJ)
\calc@Acount=\count388
\calc@Bcount=\count389
\calc@Adimen=\dimen338
\calc@Bdimen=\dimen339
\calc@Askip=\skip75
\calc@Bskip=\skip76
LaTeX Info: Redefining \setlength on input line 86.
LaTeX Info: Redefining \addtolength on input line 87.
\calc@Ccount=\count390
\calc@Cskip=\skip77
)
(/opt/homebrew/Cellar/texlive/20260301/share/texmf-dist/tex/generic/pgf/fronten
dlayer/tikz/libraries/tikzlibraryarrows.code.tex
File: tikzlibraryarrows.code.tex 2025-08-29 v3.1.11a (3.1.11a)

(/opt/homebrew/Cellar/texlive/20260301/share/texmf-dist/tex/generic/pgf/librari
es/pgflibraryarrows.code.tex
File: pgflibraryarrows.code.tex 2025-08-29 v3.1.11a (3.1.11a)
\arrowsize=\dimen340
))
(/opt/homebrew/Cellar/texlive/20260301/share/texmf-dist/tex/generic/pgf/librari
es/pgflibraryarrows.meta.code.tex
File: pgflibraryarrows.meta.code.tex 2025-08-29 v3.1.11a (3.1.11a)
\pgfarrowinset=\dimen341
\pgfarrowlength=\dimen342
\pgfarrowwidth=\dimen343
\pgfarrowlinewidth=\dimen344
)
(/opt/homebrew/Cellar/texlive/20260301/share/texmf-dist/tex/generic/pgf/fronten
dlayer/tikz/libraries/tikzlibrarycalc.code.tex
File: tikzlibrarycalc.code.tex 2025-08-29 v3.1.11a (3.1.11a)
)
(/opt/homebrew/Cellar/texlive/20260301/share/texmf-dist/tex/generic/pgf/fronten
dlayer/tikz/libraries/tikzlibrarychains.code.tex
File: tikzlibrarychains.code.tex 2025-08-29 v3.1.11a (3.1.11a)

(/opt/homebrew/Cellar/texlive/20260301/share/texmf-dist/tex/generic/pgf/fronten
dlayer/tikz/libraries/tikzlibrarypositioning.code.tex
File: tikzlibrarypositioning.code.tex 2025-08-29 v3.1.11a (3.1.11a)
))
(/opt/homebrew/Cellar/texlive/20260301/share/texmf-dist/tex/generic/pgf/fronten
dlayer/tikz/libraries/tikzlibraryquotes.code.tex
File: tikzlibraryquotes.code.tex 2025-08-29 v3.1.11a (3.1.11a)
)
(/opt/homebrew/Cellar/texlive/20260301/share/texmf-dist/tex/generic/pgf/fronten
dlayer/tikz/libraries/tikzlibraryshapes.code.tex
File: tikzlibraryshapes.code.tex 2025-08-29 v3.1.11a (3.1.11a)

(/opt/homebrew/Cellar/texlive/20260301/share/texmf-dist/tex/generic/pgf/fronten
dlayer/tikz/libraries/tikzlibraryshapes.geometric.code.tex
File: tikzlibraryshapes.geometric.code.tex 2025-08-29 v3.1.11a (3.1.11a)

(/opt/homebrew/Cellar/texlive/20260301/share/texmf-dist/tex/generic/pgf/librari
es/shapes/pgflibraryshapes.geometric.code.tex
File: pgflibraryshapes.geometric.code.tex 2025-08-29 v3.1.11a (3.1.11a)
))
(/opt/homebrew/Cellar/texlive/20260301/share/texmf-dist/tex/generic/pgf/fronten
dlayer/tikz/libraries/tikzlibraryshapes.misc.code.tex
File: tikzlibraryshapes.misc.code.tex 2025-08-29 v3.1.11a (3.1.11a)

(/opt/homebrew/Cellar/texlive/20260301/share/texmf-dist/tex/generic/pgf/librari
es/shapes/pgflibraryshapes.misc.code.tex
File: pgflibraryshapes.misc.code.tex 2025-08-29 v3.1.11a (3.1.11a)
))
(/opt/homebrew/Cellar/texlive/20260301/share/texmf-dist/tex/generic/pgf/fronten
dlayer/tikz/libraries/tikzlibraryshapes.symbols.code.tex
File: tikzlibraryshapes.symbols.code.tex 2025-08-29 v3.1.11a (3.1.11a)

(/opt/homebrew/Cellar/texlive/20260301/share/texmf-dist/tex/generic/pgf/librari
es/shapes/pgflibraryshapes.symbols.code.tex
File: pgflibraryshapes.symbols.code.tex 2025-08-29 v3.1.11a (3.1.11a)
))
(/opt/homebrew/Cellar/texlive/20260301/share/texmf-dist/tex/generic/pgf/fronten
dlayer/tikz/libraries/tikzlibraryshapes.arrows.code.tex
File: tikzlibraryshapes.arrows.code.tex 2025-08-29 v3.1.11a (3.1.11a)

(/opt/homebrew/Cellar/texlive/20260301/share/texmf-dist/tex/generic/pgf/librari
es/shapes/pgflibraryshapes.arrows.code.tex
File: pgflibraryshapes.arrows.code.tex 2025-08-29 v3.1.11a (3.1.11a)
))
(/opt/homebrew/Cellar/texlive/20260301/share/texmf-dist/tex/generic/pgf/fronten
dlayer/tikz/libraries/tikzlibraryshapes.callouts.code.tex
(/opt/homebrew/Cellar/texlive/20260301/share/texmf-dist/tex/generic/pgf/librari
es/shapes/pgflibraryshapes.callouts.code.tex))
(/opt/homebrew/Cellar/texlive/20260301/share/texmf-dist/tex/generic/pgf/fronten
dlayer/tikz/libraries/tikzlibraryshapes.multipart.code.tex
File: tikzlibraryshapes.multipart.code.tex 2025-08-29 v3.1.11a (3.1.11a)

(/opt/homebrew/Cellar/texlive/20260301/share/texmf-dist/tex/generic/pgf/librari
es/shapes/pgflibraryshapes.multipart.code.tex
File: pgflibraryshapes.multipart.code.tex 2025-08-29 v3.1.11a (3.1.11a)
\pgfnodepartlowerbox=\box100
\pgfnodeparttwobox=\box101
\pgfnodepartthreebox=\box102
\pgfnodepartfourbox=\box103
\pgfnodeparttwentybox=\box104
\pgfnodepartnineteenbox=\box105
\pgfnodeparteighteenbox=\box106
\pgfnodepartseventeenbox=\box107
\pgfnodepartsixteenbox=\box108
\pgfnodepartfifteenbox=\box109
\pgfnodepartfourteenbox=\box110
\pgfnodepartthirteenbox=\box111
\pgfnodeparttwelvebox=\box112
\pgfnodepartelevenbox=\box113
\pgfnodeparttenbox=\box114
\pgfnodepartninebox=\box115
\pgfnodeparteightbox=\box116
\pgfnodepartsevenbox=\box117
\pgfnodepartsixbox=\box118
\pgfnodepartfivebox=\box119
)))
(/opt/homebrew/Cellar/texlive/20260301/share/texmf-dist/tex/latex/pgfplots/pgfp
lots.sty
(/opt/homebrew/Cellar/texlive/20260301/share/texmf-dist/tex/generic/pgfplots/pg
fplots.revision.tex)
Package: pgfplots 2025/08/14 v1.18.2 Data Visualization (1.18.2)

(/opt/homebrew/Cellar/texlive/20260301/share/texmf-dist/tex/generic/pgfplots/pg
fplots.code.tex
(/opt/homebrew/Cellar/texlive/20260301/share/texmf-dist/tex/generic/pgfplots/pg
fplotscore.code.tex
\t@pgfplots@toka=\toks49
\t@pgfplots@tokb=\toks50
\t@pgfplots@tokc=\toks51
\pgfplots@tmpa=\dimen345
\c@pgfplots@coordindex=\count391
\c@pgfplots@scanlineindex=\count392

(/opt/homebrew/Cellar/texlive/20260301/share/texmf-dist/tex/generic/pgfplots/sy
s/pgfplotssysgeneric.code.tex))
(/opt/homebrew/Cellar/texlive/20260301/share/texmf-dist/tex/generic/pgfplots/li
bs/pgfplotslibrary.code.tex)
(/opt/homebrew/Cellar/texlive/20260301/share/texmf-dist/tex/generic/pgfplots/ol
dpgfcompatib/pgfplotsoldpgfsupp_loader.code.tex
(/opt/homebrew/Cellar/texlive/20260301/share/texmf-dist/tex/generic/pgf/librari
es/pgflibraryfpu.code.tex)
(/opt/homebrew/Cellar/texlive/20260301/share/texmf-dist/tex/generic/pgfplots/ol
dpgfcompatib/pgfplotsoldpgfsupp_pgfutil-common-lists.tex))
(/opt/homebrew/Cellar/texlive/20260301/share/texmf-dist/tex/generic/pgfplots/ut
il/pgfplotsutil.code.tex
(/opt/homebrew/Cellar/texlive/20260301/share/texmf-dist/tex/generic/pgfplots/li
ststructure/pgfplotsliststructure.code.tex)
(/opt/homebrew/Cellar/texlive/20260301/share/texmf-dist/tex/generic/pgfplots/li
ststructure/pgfplotsliststructureext.code.tex)
(/opt/homebrew/Cellar/texlive/20260301/share/texmf-dist/tex/generic/pgfplots/li
ststructure/pgfplotsarray.code.tex
\c@pgfplotsarray@tmp=\count393
)
(/opt/homebrew/Cellar/texlive/20260301/share/texmf-dist/tex/generic/pgfplots/li
ststructure/pgfplotsmatrix.code.tex)
(/opt/homebrew/Cellar/texlive/20260301/share/texmf-dist/tex/generic/pgfplots/nu
mtable/pgfplotstableshared.code.tex
\c@pgfplotstable@counta=\count394
\t@pgfplotstable@a=\toks52
)
(/opt/homebrew/Cellar/texlive/20260301/share/texmf-dist/tex/generic/pgfplots/li
ststructure/pgfplotsdeque.code.tex)
(/opt/homebrew/Cellar/texlive/20260301/share/texmf-dist/tex/generic/pgfplots/ut
il/pgfplotsbinary.code.tex
(/opt/homebrew/Cellar/texlive/20260301/share/texmf-dist/tex/generic/pgfplots/ut
il/pgfplotsbinary.data.code.tex))
(/opt/homebrew/Cellar/texlive/20260301/share/texmf-dist/tex/generic/pgfplots/ut
il/pgfplotsutil.verb.code.tex)
(/opt/homebrew/Cellar/texlive/20260301/share/texmf-dist/tex/generic/pgfplots/li
bs/pgflibrarypgfplots.surfshading.code.tex
\c@pgfplotslibrarysurf@no=\count395

(/opt/homebrew/Cellar/texlive/20260301/share/texmf-dist/tex/generic/pgfplots/sy
s/pgflibrarypgfplots.surfshading.pgfsys-pdftex.def)))
(/opt/homebrew/Cellar/texlive/20260301/share/texmf-dist/tex/generic/pgfplots/ut
il/pgfplotscolormap.code.tex
(/opt/homebrew/Cellar/texlive/20260301/share/texmf-dist/tex/generic/pgfplots/ut
il/pgfplotscolor.code.tex))
(/opt/homebrew/Cellar/texlive/20260301/share/texmf-dist/tex/generic/pgfplots/pg
fplotsstackedplots.code.tex)
(/opt/homebrew/Cellar/texlive/20260301/share/texmf-dist/tex/generic/pgfplots/pg
fplotsplothandlers.code.tex
(/opt/homebrew/Cellar/texlive/20260301/share/texmf-dist/tex/generic/pgfplots/pg
fplotsmeshplothandler.code.tex
(/opt/homebrew/Cellar/texlive/20260301/share/texmf-dist/tex/generic/pgfplots/pg
fplotsmeshplotimage.code.tex)))
(/opt/homebrew/Cellar/texlive/20260301/share/texmf-dist/tex/generic/pgfplots/pg
fplots.scaling.code.tex)
(/opt/homebrew/Cellar/texlive/20260301/share/texmf-dist/tex/generic/pgfplots/pg
fplotscoordprocessing.code.tex)
(/opt/homebrew/Cellar/texlive/20260301/share/texmf-dist/tex/generic/pgfplots/pg
fplots.errorbars.code.tex)
(/opt/homebrew/Cellar/texlive/20260301/share/texmf-dist/tex/generic/pgfplots/pg
fplots.markers.code.tex)
(/opt/homebrew/Cellar/texlive/20260301/share/texmf-dist/tex/generic/pgfplots/pg
fplotsticks.code.tex)
(/opt/homebrew/Cellar/texlive/20260301/share/texmf-dist/tex/generic/pgfplots/pg
fplots.paths.code.tex)
(/opt/homebrew/Cellar/texlive/20260301/share/texmf-dist/tex/generic/pgf/fronten
dlayer/tikz/libraries/tikzlibrarydecorations.code.tex
(/opt/homebrew/Cellar/texlive/20260301/share/texmf-dist/tex/generic/pgf/modules
/pgfmoduledecorations.code.tex
\pgfdecoratedcompleteddistance=\dimen346
\pgfdecoratedremainingdistance=\dimen347
\pgfdecoratedinputsegmentcompleteddistance=\dimen348
\pgfdecoratedinputsegmentremainingdistance=\dimen349
\pgf@decorate@distancetomove=\dimen350
\pgf@decorate@repeatstate=\count396
\pgfdecorationsegmentamplitude=\dimen351
\pgfdecorationsegmentlength=\dimen352
)
\tikz@lib@dec@box=\box120
)
(/opt/homebrew/Cellar/texlive/20260301/share/texmf-dist/tex/generic/pgf/fronten
dlayer/tikz/libraries/tikzlibrarydecorations.pathmorphing.code.tex
(/opt/homebrew/Cellar/texlive/20260301/share/texmf-dist/tex/generic/pgf/librari
es/decorations/pgflibrarydecorations.pathmorphing.code.tex))
(/opt/homebrew/Cellar/texlive/20260301/share/texmf-dist/tex/generic/pgf/fronten
dlayer/tikz/libraries/tikzlibrarydecorations.pathreplacing.code.tex
(/opt/homebrew/Cellar/texlive/20260301/share/texmf-dist/tex/generic/pgf/librari
es/decorations/pgflibrarydecorations.pathreplacing.code.tex))
(/opt/homebrew/Cellar/texlive/20260301/share/texmf-dist/tex/generic/pgfplots/li
bs/tikzlibrarypgfplots.contourlua.code.tex)
\pgfplots@numplots=\count397
\pgfplots@xmin@reg=\dimen353
\pgfplots@xmax@reg=\dimen354
\pgfplots@ymin@reg=\dimen355
\pgfplots@ymax@reg=\dimen356
\pgfplots@zmin@reg=\dimen357
\pgfplots@zmax@reg=\dimen358
)
(/opt/homebrew/Cellar/texlive/20260301/share/texmf-dist/tex/generic/pgf/fronten
dlayer/tikz/libraries/tikzlibraryplotmarks.code.tex
File: tikzlibraryplotmarks.code.tex 2025-08-29 v3.1.11a (3.1.11a)

(/opt/homebrew/Cellar/texlive/20260301/share/texmf-dist/tex/generic/pgf/librari
es/pgflibraryplotmarks.code.tex
File: pgflibraryplotmarks.code.tex 2025-08-29 v3.1.11a (3.1.11a)
)))
(/opt/homebrew/Cellar/texlive/20260301/share/texmf-dist/tex/latex/hyperref/hype
rref.sty
Package: hyperref 2026-01-29 v7.01p Hypertext links for LaTeX

(/opt/homebrew/Cellar/texlive/20260301/share/texmf-dist/tex/generic/kvdefinekey
s/kvdefinekeys.sty
Package: kvdefinekeys 2019-12-19 v1.6 Define keys (HO)
)
(/opt/homebrew/Cellar/texlive/20260301/share/texmf-dist/tex/generic/pdfescape/p
dfescape.sty
Package: pdfescape 2019/12/09 v1.15 Implements pdfTeX's escape features (HO)
)
(/opt/homebrew/Cellar/texlive/20260301/share/texmf-dist/tex/latex/hycolor/hycol
or.sty
Package: hycolor 2020-01-27 v1.10 Color options for hyperref/bookmark (HO)
)
(/opt/homebrew/Cellar/texlive/20260301/share/texmf-dist/tex/latex/hyperref/name
ref.sty
Package: nameref 2026-01-29 v2.58 Cross-referencing by name of section

(/opt/homebrew/Cellar/texlive/20260301/share/texmf-dist/tex/latex/refcount/refc
ount.sty
Package: refcount 2019/12/15 v3.6 Data extraction from label references (HO)
)
(/opt/homebrew/Cellar/texlive/20260301/share/texmf-dist/tex/generic/gettitlestr
ing/gettitlestring.sty
Package: gettitlestring 2019/12/15 v1.6 Cleanup title references (HO)
)
\c@section@level=\count398
)
(/opt/homebrew/Cellar/texlive/20260301/share/texmf-dist/tex/generic/stringenc/s
tringenc.sty
Package: stringenc 2019/11/29 v1.12 Convert strings between diff. encodings (HO
)
)
\@linkdim=\dimen359
\Hy@linkcounter=\count399
\Hy@pagecounter=\count400

(/opt/homebrew/Cellar/texlive/20260301/share/texmf-dist/tex/latex/hyperref/pd1e
nc.def
File: pd1enc.def 2026-01-29 v7.01p Hyperref: PDFDocEncoding definition (HO)
Now handling font encoding PD1 ...
... no UTF-8 mapping file for font encoding PD1
)
(/opt/homebrew/Cellar/texlive/20260301/share/texmf-dist/tex/generic/intcalc/int
calc.sty
Package: intcalc 2019/12/15 v1.3 Expandable calculations with integers (HO)
)
\Hy@SavedSpaceFactor=\count401

(/opt/homebrew/Cellar/texlive/20260301/share/texmf-dist/tex/latex/hyperref/puen
c.def
File: puenc.def 2026-01-29 v7.01p Hyperref: PDF Unicode definition (HO)
Now handling font encoding PU ...
... no UTF-8 mapping file for font encoding PU
)
Package hyperref Info: Option `colorlinks' set `true' on input line 4072.
Package hyperref Info: Hyper figures OFF on input line 4201.
Package hyperref Info: Link nesting OFF on input line 4206.
Package hyperref Info: Hyper index ON on input line 4209.
Package hyperref Info: Plain pages OFF on input line 4216.
Package hyperref Info: Backreferencing OFF on input line 4221.
Package hyperref Info: Implicit mode ON; LaTeX internals redefined.
Package hyperref Info: Bookmarks ON on input line 4468.
\c@Hy@tempcnt=\count402

(/opt/homebrew/Cellar/texlive/20260301/share/texmf-dist/tex/latex/url/url.sty
\Urlmuskip=\muskip18
Package: url 2013/09/16  ver 3.4  Verb mode for urls, etc.
)
LaTeX Info: Redefining \url on input line 4807.
\XeTeXLinkMargin=\dimen360

(/opt/homebrew/Cellar/texlive/20260301/share/texmf-dist/tex/generic/bitset/bits
et.sty
Package: bitset 2019/12/09 v1.3 Handle bit-vector datatype (HO)

(/opt/homebrew/Cellar/texlive/20260301/share/texmf-dist/tex/generic/bigintcalc/
bigintcalc.sty
Package: bigintcalc 2019/12/15 v1.5 Expandable calculations on big integers (HO
)
))
\Fld@menulength=\count403
\Field@Width=\dimen361
\Fld@charsize=\dimen362
Package hyperref Info: Hyper figures OFF on input line 6084.
Package hyperref Info: Link nesting OFF on input line 6089.
Package hyperref Info: Hyper index ON on input line 6092.
Package hyperref Info: backreferencing OFF on input line 6099.
Package hyperref Info: Link coloring ON on input line 6102.
Package hyperref Info: Link coloring with OCG OFF on input line 6109.
Package hyperref Info: PDF/A mode OFF on input line 6114.
\Hy@abspage=\count404
\c@Item=\count405
\c@Hfootnote=\count406
)
Package hyperref Info: Driver (autodetected): hpdftex.

(/opt/homebrew/Cellar/texlive/20260301/share/texmf-dist/tex/latex/hyperref/hpdf
tex.def
File: hpdftex.def 2026-01-29 v7.01p Hyperref driver for pdfTeX
\Fld@listcount=\count407
\c@bookmark@seq@number=\count408

(/opt/homebrew/Cellar/texlive/20260301/share/texmf-dist/tex/latex/rerunfilechec
k/rerunfilecheck.sty
Package: rerunfilecheck 2025-06-21 v1.11 Rerun checks for auxiliary files (HO)

(/opt/homebrew/Cellar/texlive/20260301/share/texmf-dist/tex/generic/uniquecount
er/uniquecounter.sty
Package: uniquecounter 2019/12/15 v1.4 Provide unlimited unique counter (HO)
)
Package uniquecounter Info: New unique counter `rerunfilecheck' on input line 2
84.
)
\Hy@SectionHShift=\skip78
)
(/opt/homebrew/Cellar/texlive/20260301/share/texmf-dist/tex/latex/paracol/parac
ol.sty
Package: paracol 2025/07/14 1.37 typeset columns in parallel
\pcol@currcol=\count409
\pcol@nextcol=\count410
\pcol@ncol=\count411
\pcol@ncolleft=\count412
\pcol@page=\count413
\pcol@basepage=\count414
\pcol@toppage=\count415
\pcol@footnotebase=\count416
\pcol@nfootnotes=\count417
\pcol@mcid=\count418
\pcol@prevdepth=\dimen363
\pcol@colht=\dimen364
\pcol@textfloatsep=\dimen365
\pcol@lrmargin=\dimen366
\pagerim=\dimen367
\pcol@topskip=\skip79
\belowfootnoteskip=\skip80
\pcol@topfnotes=\box121
\pcol@prespan=\box122
\pcol@rightpage=\box123
\pcol@colorstack@saved=\box124
\pcol@tempboxa=\box125
\pcol@tempboxb=\box126
\pcol@colorins=\insert252
\pcol@everyvbox=\toks53
)
\mybox=\box127

(/opt/homebrew/Cellar/texlive/20260301/share/texmf-dist/tex/latex/pgfornament/p
gfornament.sty
Package: pgfornament 2024/08/14 v1.3 vector ornaments

(/opt/homebrew/Cellar/texlive/20260301/share/texmf-dist/tex/latex/pgfornament/p
gflibrarypgfhan.code.tex
2020/04/03 1.0 pgflibraryhan.code.tex
))
(/opt/homebrew/Cellar/texlive/20260301/share/texmf-dist/tex/latex/fancyhdr/fanc
yhdr.sty
Package: fancyhdr 2025/02/07 v5.2 Extensive control of page headers and footers

\f@nch@headwidth=\skip81
\f@nch@offset@elh=\skip82
\f@nch@offset@erh=\skip83
\f@nch@offset@olh=\skip84
\f@nch@offset@orh=\skip85
\f@nch@offset@elf=\skip86
\f@nch@offset@erf=\skip87
\f@nch@offset@olf=\skip88
\f@nch@offset@orf=\skip89
\f@nch@height=\skip90
\f@nch@footalignment=\skip91
\f@nch@widthL=\skip92
\f@nch@widthC=\skip93
\f@nch@widthR=\skip94
\@temptokenb=\toks54
)
(/opt/homebrew/Cellar/texlive/20260301/share/texmf-dist/tex/latex/emptypage/emp
typage.sty
Package: emptypage 2010/05/30 v1.2 Suppress page numbers and headings on empty 
pages
)
Package translations Info: No language package found. I am going to use `englis
h' as default language. on input line 210.

(/opt/homebrew/Cellar/texlive/20260301/share/texmf-dist/tex/latex/l3backend/l3b
ackend-pdftex.def
File: l3backend-pdftex.def 2025-10-09 L3 backend support: PDF output (pdfTeX)
\l__color_backend_stack_int=\count419
) (./notes.aux)
\openout1 = `notes.aux'.

LaTeX Font Info:    Checking defaults for OML/cmm/m/it on input line 210.
LaTeX Font Info:    ... okay on input line 210.
LaTeX Font Info:    Checking defaults for OMS/cmsy/m/n on input line 210.
LaTeX Font Info:    ... okay on input line 210.
LaTeX Font Info:    Checking defaults for OT1/cmr/m/n on input line 210.
LaTeX Font Info:    ... okay on input line 210.
LaTeX Font Info:    Checking defaults for T1/cmr/m/n on input line 210.
LaTeX Font Info:    ... okay on input line 210.
LaTeX Font Info:    Checking defaults for TS1/cmr/m/n on input line 210.
LaTeX Font Info:    ... okay on input line 210.
LaTeX Font Info:    Checking defaults for OMX/cmex/m/n on input line 210.
LaTeX Font Info:    ... okay on input line 210.
LaTeX Font Info:    Checking defaults for U/cmr/m/n on input line 210.
LaTeX Font Info:    ... okay on input line 210.
LaTeX Font Info:    Checking defaults for PD1/pdf/m/n on input line 210.
LaTeX Font Info:    ... okay on input line 210.
LaTeX Font Info:    Checking defaults for PU/pdf/m/n on input line 210.
LaTeX Font Info:    ... okay on input line 210.

*geometry* driver: auto-detecting
*geometry* detected driver: pdftex
*geometry* verbose mode - [ preamble ] result:
* driver: pdftex
* paper: a4paper
* layout: <same size as paper>
* layoutoffset:(h,v)=(0.0pt,0.0pt)
* modes: twoside 
* h-part:(L,W,R)=(56.9055pt, 483.69687pt, 56.9055pt)
* v-part:(T,H,B)=(56.9055pt, 731.23584pt, 56.9055pt)
* \paperwidth=597.50787pt
* \paperheight=845.04684pt
* \textwidth=483.69687pt
* \textheight=731.23584pt
* \oddsidemargin=-15.36449pt
* \evensidemargin=-15.36449pt
* \topmargin=-47.23828pt
* \headheight=12.0pt
* \headsep=19.8738pt
* \topskip=11.0pt
* \footskip=27.46295pt
* \marginparwidth=106.0pt
* \marginparsep=7.0pt
* \columnsep=10.0pt
* \skip\footins=10.0pt plus 4.0pt minus 2.0pt
* \hoffset=0.0pt
* \voffset=0.0pt
* \mag=1000
* \@twocolumnfalse
* \@twosidetrue
* \@mparswitchtrue
* \@reversemarginfalse
* (1in=72.27pt=25.4mm, 1cm=28.453pt)


(/opt/homebrew/Cellar/texlive/20260301/share/texmf-dist/tex/context/base/mkii/s
upp-pdf.mkii
[Loading MPS to PDF converter (version 2006.09.02).]
\scratchcounter=\count420
\scratchdimen=\dimen368
\scratchbox=\box128
\nofMPsegments=\count421
\nofMParguments=\count422
\everyMPshowfont=\toks55
\MPscratchCnt=\count423
\MPscratchDim=\dimen369
\MPnumerator=\count424
\makeMPintoPDFobject=\count425
\everyMPtoPDFconversion=\toks56
)
(/opt/homebrew/Cellar/texlive/20260301/share/texmf-dist/tex/latex/epstopdf-pkg/
epstopdf-base.sty
Package: epstopdf-base 2020-01-24 v2.11 Base part for package epstopdf
Package epstopdf-base Info: Redefining graphics rule for `.eps' on input line 4
85.

(/opt/homebrew/Cellar/texlive/20260301/share/texmf-dist/tex/latex/latexconfig/e
pstopdf-sys.cfg
File: epstopdf-sys.cfg 2010/07/13 v1.3 Configuration of (r)epstopdf for TeX Liv
e
))
Package newfloat Info: `rotating' package detected.

(/opt/homebrew/Cellar/texlive/20260301/share/texmf-dist/tex/latex/translations/
translations-basic-dictionary-english.trsl
File: translations-basic-dictionary-english.trsl (english translation file `tra
nslations-basic-dictionary')
)
Package translations Info: loading dictionary `translations-basic-dictionary' f
or `english'. on input line 210.
Package caption Info: Begin \AtBeginDocument code.
Package caption Info: hyperref package is loaded.
Package caption Info: End \AtBeginDocument code.


Package pgfplots Warning: running in backwards compatibility mode (unsuitable t
ick labels; missing features). Consider writing \pgfplotsset{compat=1.18} into 
your preamble.
 on input line 210.

Package hyperref Info: Link coloring ON on input line 210.
(./notes.out) (./notes.out)
\@outlinefile=\write6
\openout6 = `notes.out'.



Package fancyhdr Warning: \headheight is too small (12.0pt): 
(fancyhdr)                Make it at least 13.59999pt, for example:
(fancyhdr)                \setlength{\headheight}{13.59999pt}.
(fancyhdr)                You might also make \topmargin smaller:
(fancyhdr)                \addtolength{\topmargin}{-1.59999pt}.

[1{/opt/homebrew/Cellar/texlive/20260301/share/texmf-dist/fonts/map/pdftex/updm
ap/pdftex.map}


]
(/opt/homebrew/Cellar/texlive/20260301/share/texmf-dist/tex/generic/pgfornament
/pgfhan/pgfhan7.pgf)

Package fancyhdr Warning: \headheight is too small (12.0pt): 
(fancyhdr)                Make it at least 13.59999pt, for example:
(fancyhdr)                \setlength{\headheight}{13.59999pt}.
(fancyhdr)                You might also make \topmargin smaller:
(fancyhdr)                \addtolength{\topmargin}{-1.59999pt}.

[2

{/opt/homebrew/Cellar/texlive/20260301/share/texmf-dist/fonts/enc/dvips/cm-supe
r/cm-super-ts1.enc}] (./notes.toc [3


])
\tf@toc=\write7
\openout7 = `notes.toc'.



Package fancyhdr Warning: \headheight is too small (12.0pt): 
(fancyhdr)                Make it at least 13.59999pt, for example:
(fancyhdr)                \setlength{\headheight}{13.59999pt}.
(fancyhdr)                You might also make \topmargin smaller:
(fancyhdr)                \addtolength{\topmargin}{-1.59999pt}.

[4] (./notes.lof)
\tf@lof=\write8
\openout8 = `notes.lof'.

 [5

] [6

] (./notes.lot [7])
\tf@lot=\write9
\openout9 = `notes.lot'.



Package fancyhdr Warning: \headheight is too small (12.0pt): 
(fancyhdr)                Make it at least 13.59999pt, for example:
(fancyhdr)                \setlength{\headheight}{13.59999pt}.
(fancyhdr)                You might also make \topmargin smaller:
(fancyhdr)                \addtolength{\topmargin}{-1.59999pt}.

[8] [1



] [2

]
Chapter 1.
\openout3 = `notes.ent'.

[3]
PGFPlots: reading {data/google_trends.dat}

Overfull \vbox (11.59447pt too high) has occurred while \output is active []


Overfull \vbox (11.59447pt too high) has occurred while \output is active []



Package fancyhdr Warning: \headheight is too small (12.0pt): 
(fancyhdr)                Make it at least 13.59999pt, for example:
(fancyhdr)                \setlength{\headheight}{13.59999pt}.
(fancyhdr)                You might also make \topmargin smaller:
(fancyhdr)                \addtolength{\topmargin}{-1.59999pt}.

[4

]

Package fancyhdr Warning: \headheight is too small (12.0pt): 
(fancyhdr)                Make it at least 13.59999pt, for example:
(fancyhdr)                \setlength{\headheight}{13.59999pt}.
(fancyhdr)                You might also make \topmargin smaller:
(fancyhdr)                \addtolength{\topmargin}{-1.59999pt}.

[5]
Underfull \hbox (badness 2334) in paragraph at lines 471--471
[]\OT1/cmr/m/n/10.95 Some built-in func-tions and meth-ods for
 []


Underfull \hbox (badness 2088) in paragraph at lines 490--490
[]\OT1/cmr/m/n/10.95 Technical and sci-en-tific com-pu-ta-tion with
 []


Package fancyhdr Warning: \headheight is too small (12.0pt): 
(fancyhdr)                Make it at least 13.59999pt, for example:
(fancyhdr)                \setlength{\headheight}{13.59999pt}.
(fancyhdr)                You might also make \topmargin smaller:
(fancyhdr)                \addtolength{\topmargin}{-1.59999pt}.

[6

]

Package fancyhdr Warning: \headheight is too small (12.0pt): 
(fancyhdr)                Make it at least 13.59999pt, for example:
(fancyhdr)                \setlength{\headheight}{13.59999pt}.
(fancyhdr)                You might also make \topmargin smaller:
(fancyhdr)                \addtolength{\topmargin}{-1.59999pt}.

[7

]

LaTeX Warning: `h' float specifier changed to `ht'.


Package fancyhdr Warning: \headheight is too small (12.0pt): 
(fancyhdr)                Make it at least 13.59999pt, for example:
(fancyhdr)                \setlength{\headheight}{13.59999pt}.
(fancyhdr)                You might also make \topmargin smaller:
(fancyhdr)                \addtolength{\topmargin}{-1.59999pt}.

[8] (./notes.ent)

Package fancyhdr Warning: \headheight is too small (12.0pt): 
(fancyhdr)                Make it at least 13.59999pt, for example:
(fancyhdr)                \setlength{\headheight}{13.59999pt}.
(fancyhdr)                You might also make \topmargin smaller:
(fancyhdr)                \addtolength{\topmargin}{-1.59999pt}.

[9


] [10

]
Chapter 2.

Underfull \vbox (badness 10000) has occurred while \output is active []


Underfull \vbox (badness 10000) has occurred while \output is active []


Underfull \hbox (badness 4072) in paragraph at lines 679--679
[]\OT1/cmr/m/n/10.95 For Linux: nav-i-gate to the folder
 []


Underfull \hbox (badness 10000) in paragraph at lines 679--679
\OT1/cmr/m/n/10.95 where you have down-loaded the
 []


Underfull \hbox (badness 10000) in paragraph at lines 679--679
\OT1/cmr/m/n/10.95 in-staller as per step 1, open a
 []


Underfull \hbox (badness 10000) in paragraph at lines 679--679
\OT1/cmr/m/n/10.95 shell ses-sion, then run \TS1/cmtt/m/n/10.95 $ \OT1/cmtt/m/n
/10.95 bash
 []


Overfull \hbox (5.27765pt too wide) in paragraph at lines 679--679
\OT1/cmtt/m/n/10.95 ./Anaconda3-XXXX.XX-Linux-x86-64.sh 
 []


Underfull \hbox (badness 1997) in paragraph at lines 679--679
[]\OT1/cmr/m/n/10.95 Accept the terms pro-posed by the Ana-
 []


Underfull \vbox (badness 10000) has occurred while \output is active []


Underfull \vbox (badness 10000) has occurred while \output is active []

 [11]
<anaconda_navigator.png, id=569, 1222.5675pt x 662.475pt>
File: anaconda_navigator.png Graphic file (type png)
<use anaconda_navigator.png>
Package pdftex.def Info: anaconda_navigator.png  used on input line 691.
(pdftex.def)             Requested size: 731.23584pt x 396.2346pt.

Overfull \hbox (7.29999pt too wide) in paragraph at lines 691--692
 [][] 
 []


Package fancyhdr Warning: \headheight is too small (12.0pt): 
(fancyhdr)                Make it at least 13.59999pt, for example:
(fancyhdr)                \setlength{\headheight}{13.59999pt}.
(fancyhdr)                You might also make \topmargin smaller:
(fancyhdr)                \addtolength{\topmargin}{-1.59999pt}.

[12]

Package fancyhdr Warning: \headheight is too small (12.0pt): 
(fancyhdr)                Make it at least 13.59999pt, for example:
(fancyhdr)                \setlength{\headheight}{13.59999pt}.
(fancyhdr)                You might also make \topmargin smaller:
(fancyhdr)                \addtolength{\topmargin}{-1.59999pt}.

[13 <./anaconda_navigator.png (PNG copy)>]
Underfull \hbox (badness 1117) in paragraph at lines 721--721
[]\OT1/cmr/m/n/10.95 This step hap-pens be-hind the scenes
 []


Underfull \hbox (badness 2951) in paragraph at lines 721--721
\OT1/cmr/m/n/10.95 thing called a `Python Vir-tual Ma-chine'
 []


Underfull \vbox (badness 10000) has occurred while \output is active []



Package fancyhdr Warning: \headheight is too small (12.0pt): 
(fancyhdr)                Make it at least 13.59999pt, for example:
(fancyhdr)                \setlength{\headheight}{13.59999pt}.
(fancyhdr)                You might also make \topmargin smaller:
(fancyhdr)                \addtolength{\topmargin}{-1.59999pt}.

[14

]
\openout3 = `notes.ent'.


Underfull \hbox (badness 1237) in paragraph at lines 790--790
[][]\OT1/cmr/m/n/10.95 2.3[][] shows how to run the Python script con-
 []

\g__tcobox_out_iow=\write10
\openout10 = `notes.listing'.

\pydata@fh@0=\write11
\openout11 = `_4358B5009C67D0E31D7FBF1663FCD3BF.data.minted'.

runsystem(latexminted config  --timestamp 20260901231424 4358B5009C67D0E31D7FBF
1663FCD3BF)...executed.

(./_4358B5009C67D0E31D7FBF1663FCD3BF.config.minted)
runsystem(latexminted cleanconfig  --timestamp 20260901231424 4358B5009C67D0E31
D7FBF1663FCD3BF)...executed.

 (./_minted/vs.style.minted) (./_minted/48AD01B30078B9FBA9C7E959F1334FBE.highli
ght.minted)
<simple_script.png, id=596, 382.42876pt x 291.0875pt>
File: simple_script.png Graphic file (type png)
<use simple_script.png>
Package pdftex.def Info: simple_script.png  used on input line 803.
(pdftex.def)             Requested size: 241.84843pt x 184.08342pt.

Underfull \vbox (badness 1077) has occurred while \output is active []



Package fancyhdr Warning: \headheight is too small (12.0pt): 
(fancyhdr)                Make it at least 13.59999pt, for example:
(fancyhdr)                \setlength{\headheight}{13.59999pt}.
(fancyhdr)                You might also make \topmargin smaller:
(fancyhdr)                \addtolength{\topmargin}{-1.59999pt}.

[15]
<python_session.png, id=604, 625.33624pt x 305.14pt>
File: python_session.png Graphic file (type png)
<use python_session.png>
Package pdftex.def Info: python_session.png  used on input line 828.
(pdftex.def)             Requested size: 362.77264pt x 177.02321pt.


Package fancyhdr Warning: \headheight is too small (12.0pt): 
(fancyhdr)                Make it at least 13.59999pt, for example:
(fancyhdr)                \setlength{\headheight}{13.59999pt}.
(fancyhdr)                You might also make \topmargin smaller:
(fancyhdr)                \addtolength{\topmargin}{-1.59999pt}.

[16 <./simple_script.png> <./python_session.png>]
<ipython_session.png, id=611, 625.33624pt x 305.14pt>
File: ipython_session.png Graphic file (type png)
<use ipython_session.png>
Package pdftex.def Info: ipython_session.png  used on input line 836.
(pdftex.def)             Requested size: 362.77264pt x 177.02321pt.


Package fancyhdr Warning: \headheight is too small (12.0pt): 
(fancyhdr)                Make it at least 13.59999pt, for example:
(fancyhdr)                \setlength{\headheight}{13.59999pt}.
(fancyhdr)                You might also make \topmargin smaller:
(fancyhdr)                \addtolength{\topmargin}{-1.59999pt}.

[17

 <./ipython_session.png>]
<jupyter.png, id=619, 1783.66376pt x 789.95125pt>
File: jupyter.png Graphic file (type png)
<use jupyter.png>
Package pdftex.def Info: jupyter.png  used on input line 870.
(pdftex.def)             Requested size: 386.95897pt x 171.36702pt.
<vscode.png, id=622, 1711.39375pt x 1002.74625pt>
File: vscode.png Graphic file (type png)
<use vscode.png>
Package pdftex.def Info: vscode.png  used on input line 891.
(pdftex.def)             Requested size: 459.51054pt x 269.23033pt.
<jupyter_in_vscode.png, id=623, 856.19875pt x 503.8825pt>
File: jupyter_in_vscode.png Graphic file (type png)
<use jupyter_in_vscode.png>
Package pdftex.def Info: jupyter_in_vscode.png  used on input line 898.
(pdftex.def)             Requested size: 459.51054pt x 270.42407pt.


Package fancyhdr Warning: \headheight is too small (12.0pt): 
(fancyhdr)                Make it at least 13.59999pt, for example:
(fancyhdr)                \setlength{\headheight}{13.59999pt}.
(fancyhdr)                You might also make \topmargin smaller:
(fancyhdr)                \addtolength{\topmargin}{-1.59999pt}.

[18

 <./jupyter.png> <./vscode.png>]

Package fancyhdr Warning: \headheight is too small (12.0pt): 
(fancyhdr)                Make it at least 13.59999pt, for example:
(fancyhdr)                \setlength{\headheight}{13.59999pt}.
(fancyhdr)                You might also make \topmargin smaller:
(fancyhdr)                \addtolength{\topmargin}{-1.59999pt}.

[19 <./jupyter_in_vscode.png>]
Underfull \hbox (badness 1237) in paragraph at lines 919--919
[]\OT1/cmr/m/n/10.95 To pro-tect the system-wise in-stal-la-tion of
 []


Underfull \hbox (badness 2142) in paragraph at lines 937--937
[]\OT1/cmr/m/n/10.95 The more likely in-con-sis-ten-cies will arise
 []


Package fancyhdr Warning: \headheight is too small (12.0pt): 
(fancyhdr)                Make it at least 13.59999pt, for example:
(fancyhdr)                \setlength{\headheight}{13.59999pt}.
(fancyhdr)                You might also make \topmargin smaller:
(fancyhdr)                \addtolength{\topmargin}{-1.59999pt}.

[20

]
<conda_env_0.png, id=644, 587.19376pt x 454.69875pt>
File: conda_env_0.png Graphic file (type png)
<use conda_env_0.png>
Package pdftex.def Info: conda_env_0.png  used on input line 1001.
(pdftex.def)             Requested size: 338.58632pt x 262.18518pt.
<conda_env_1.png, id=645, 587.19376pt x 454.69875pt>
File: conda_env_1.png Graphic file (type png)
<use conda_env_1.png>
Package pdftex.def Info: conda_env_1.png  used on input line 1008.
(pdftex.def)             Requested size: 362.77264pt x 280.91815pt.


Package fancyhdr Warning: \headheight is too small (12.0pt): 
(fancyhdr)                Make it at least 13.59999pt, for example:
(fancyhdr)                \setlength{\headheight}{13.59999pt}.
(fancyhdr)                You might also make \topmargin smaller:
(fancyhdr)                \addtolength{\topmargin}{-1.59999pt}.

[21

]

Package fancyhdr Warning: \headheight is too small (12.0pt): 
(fancyhdr)                Make it at least 13.59999pt, for example:
(fancyhdr)                \setlength{\headheight}{13.59999pt}.
(fancyhdr)                You might also make \topmargin smaller:
(fancyhdr)                \addtolength{\topmargin}{-1.59999pt}.

[22 <./conda_env_0.png> <./conda_env_1.png>]
<anaconda_nav_env_0.png, id=659, 1305.87875pt x 735.74875pt>
File: anaconda_nav_env_0.png Graphic file (type png)
<use anaconda_nav_env_0.png>
Package pdftex.def Info: anaconda_nav_env_0.png  used on input line 1022.
(pdftex.def)             Requested size: 731.23584pt x 411.9828pt.
<anaconda_nav_env_1.png, id=660, 1305.87875pt x 735.74875pt>
File: anaconda_nav_env_1.png Graphic file (type png)
<use anaconda_nav_env_1.png>
Package pdftex.def Info: anaconda_nav_env_1.png  used on input line 1028.
(pdftex.def)             Requested size: 731.23584pt x 411.9828pt.


Package fancyhdr Warning: \headheight is too small (12.0pt): 
(fancyhdr)                Make it at least 13.59999pt, for example:
(fancyhdr)                \setlength{\headheight}{13.59999pt}.
(fancyhdr)                You might also make \topmargin smaller:
(fancyhdr)                \addtolength{\topmargin}{-1.59999pt}.

[23

]

Package fancyhdr Warning: \headheight is too small (12.0pt): 
(fancyhdr)                Make it at least 13.59999pt, for example:
(fancyhdr)                \setlength{\headheight}{13.59999pt}.
(fancyhdr)                You might also make \topmargin smaller:
(fancyhdr)                \addtolength{\topmargin}{-1.59999pt}.

[24 <./anaconda_nav_env_0.png>]

Package fancyhdr Warning: \headheight is too small (12.0pt): 
(fancyhdr)                Make it at least 13.59999pt, for example:
(fancyhdr)                \setlength{\headheight}{13.59999pt}.
(fancyhdr)                You might also make \topmargin smaller:
(fancyhdr)                \addtolength{\topmargin}{-1.59999pt}.

[25 <./anaconda_nav_env_1.png>] (./notes.ent)

Package fancyhdr Warning: \headheight is too small (12.0pt): 
(fancyhdr)                Make it at least 13.59999pt, for example:
(fancyhdr)                \setlength{\headheight}{13.59999pt}.
(fancyhdr)                You might also make \topmargin smaller:
(fancyhdr)                \addtolength{\topmargin}{-1.59999pt}.

[26

]
Chapter 3.
\openout3 = `notes.ent'.

[27

]
LaTeX Font Info:    Trying to load font information for OMS+cmr on input line 1
089.

(/opt/homebrew/Cellar/texlive/20260301/share/texmf-dist/tex/latex/base/omscmr.f
d
File: omscmr.fd 2024/11/19 v2.5n Standard LaTeX font definitions
)
LaTeX Font Info:    Font shape `OMS/cmr/m/n' in size <10.95> not available
(Font)              Font shape `OMS/cmsy/m/n' tried instead on input line 1089.



Package fancyhdr Warning: \headheight is too small (12.0pt): 
(fancyhdr)                Make it at least 13.59999pt, for example:
(fancyhdr)                \setlength{\headheight}{13.59999pt}.
(fancyhdr)                You might also make \topmargin smaller:
(fancyhdr)                \addtolength{\topmargin}{-1.59999pt}.

[28

]
\openout10 = `notes.listing'.

 (./_minted/62490F41AAEE1D2ADF2183603F3FB2A5.highlight.minted)
Underfull \hbox (badness 3769) in paragraph at lines 1126--1126
[]\OT1/cmr/m/n/10.95 Besides in-te-gers and float-ing points num-bers,
 []


Package fancyhdr Warning: \headheight is too small (12.0pt): 
(fancyhdr)                Make it at least 13.59999pt, for example:
(fancyhdr)                \setlength{\headheight}{13.59999pt}.
(fancyhdr)                You might also make \topmargin smaller:
(fancyhdr)                \addtolength{\topmargin}{-1.59999pt}.

[29

]

Package fancyhdr Warning: \headheight is too small (12.0pt): 
(fancyhdr)                Make it at least 13.59999pt, for example:
(fancyhdr)                \setlength{\headheight}{13.59999pt}.
(fancyhdr)                You might also make \topmargin smaller:
(fancyhdr)                \addtolength{\topmargin}{-1.59999pt}.

[30

]

Package fancyhdr Warning: \headheight is too small (12.0pt): 
(fancyhdr)                Make it at least 13.59999pt, for example:
(fancyhdr)                \setlength{\headheight}{13.59999pt}.
(fancyhdr)                You might also make \topmargin smaller:
(fancyhdr)                \addtolength{\topmargin}{-1.59999pt}.

[31]
\openout10 = `notes.listing'.

 (./_minted/093E5B14A626EF263A0C4E49DC800440.highlight.minted)

Package fancyhdr Warning: \headheight is too small (12.0pt): 
(fancyhdr)                Make it at least 13.59999pt, for example:
(fancyhdr)                \setlength{\headheight}{13.59999pt}.
(fancyhdr)                You might also make \topmargin smaller:
(fancyhdr)                \addtolength{\topmargin}{-1.59999pt}.

[32

]

Package fancyhdr Warning: \headheight is too small (12.0pt): 
(fancyhdr)                Make it at least 13.59999pt, for example:
(fancyhdr)                \setlength{\headheight}{13.59999pt}.
(fancyhdr)                You might also make \topmargin smaller:
(fancyhdr)                \addtolength{\topmargin}{-1.59999pt}.

[33

]
\openout10 = `notes.listing'.

 (./_minted/2DAB20D64AB08FC58665DFF2BC42A49D.highlight.minted)

Package fancyhdr Warning: \headheight is too small (12.0pt): 
(fancyhdr)                Make it at least 13.59999pt, for example:
(fancyhdr)                \setlength{\headheight}{13.59999pt}.
(fancyhdr)                You might also make \topmargin smaller:
(fancyhdr)                \addtolength{\topmargin}{-1.59999pt}.

[34

]
LaTeX Font Info:    Trying to load font information for OMS+cmtt on input line 
1315.
LaTeX Font Info:    No file OMScmtt.fd. on input line 1315.


LaTeX Font Warning: Font shape `OMS/cmtt/m/n' undefined
(Font)              using `OMS/cmsy/m/n' instead
(Font)              for symbol `textbraceleft' on input line 1315.

LaTeX Font Info:    Trying to load font information for OML+cmtt on input line 
1333.
LaTeX Font Info:    No file OMLcmtt.fd. on input line 1333.

LaTeX Font Warning: Font shape `OML/cmtt/m/n' undefined
(Font)              using `OML/cmm/m/it' instead
(Font)              for symbol `textgreater' on input line 1333.

\openout10 = `notes.listing'.

(./_minted/DB7264ED6E812A27C8B5B485044B7FAE.highlight.minted)
Underfull \vbox (badness 10000) has occurred while \output is active []


Underfull \vbox (badness 10000) has occurred while \output is active []


Underfull \vbox (badness 10000) has occurred while \output is active []


Underfull \vbox (badness 10000) has occurred while \output is active []



Package fancyhdr Warning: \headheight is too small (12.0pt): 
(fancyhdr)                Make it at least 13.59999pt, for example:
(fancyhdr)                \setlength{\headheight}{13.59999pt}.
(fancyhdr)                You might also make \topmargin smaller:
(fancyhdr)                \addtolength{\topmargin}{-1.59999pt}.

[35

]
\openout10 = `notes.listing'.

 (./_minted/131C38C071C4301D4C7E248353BEBD3F.highlight.minted)

Package fancyhdr Warning: \headheight is too small (12.0pt): 
(fancyhdr)                Make it at least 13.59999pt, for example:
(fancyhdr)                \setlength{\headheight}{13.59999pt}.
(fancyhdr)                You might also make \topmargin smaller:
(fancyhdr)                \addtolength{\topmargin}{-1.59999pt}.

[36]

Package fancyhdr Warning: \headheight is too small (12.0pt): 
(fancyhdr)                Make it at least 13.59999pt, for example:
(fancyhdr)                \setlength{\headheight}{13.59999pt}.
(fancyhdr)                You might also make \topmargin smaller:
(fancyhdr)                \addtolength{\topmargin}{-1.59999pt}.

[37

]

Package fancyhdr Warning: \headheight is too small (12.0pt): 
(fancyhdr)                Make it at least 13.59999pt, for example:
(fancyhdr)                \setlength{\headheight}{13.59999pt}.
(fancyhdr)                You might also make \topmargin smaller:
(fancyhdr)                \addtolength{\topmargin}{-1.59999pt}.

[38

]
\openout10 = `notes.listing'.

 (./_minted/C80E1A761042F082851EB574F5727FF6.highlight.minted)

Package fancyhdr Warning: \headheight is too small (12.0pt): 
(fancyhdr)                Make it at least 13.59999pt, for example:
(fancyhdr)                \setlength{\headheight}{13.59999pt}.
(fancyhdr)                You might also make \topmargin smaller:
(fancyhdr)                \addtolength{\topmargin}{-1.59999pt}.

[39

]

Package fancyhdr Warning: \headheight is too small (12.0pt): 
(fancyhdr)                Make it at least 13.59999pt, for example:
(fancyhdr)                \setlength{\headheight}{13.59999pt}.
(fancyhdr)                You might also make \topmargin smaller:
(fancyhdr)                \addtolength{\topmargin}{-1.59999pt}.

[40

]

Package fancyhdr Warning: \headheight is too small (12.0pt): 
(fancyhdr)                Make it at least 13.59999pt, for example:
(fancyhdr)                \setlength{\headheight}{13.59999pt}.
(fancyhdr)                You might also make \topmargin smaller:
(fancyhdr)                \addtolength{\topmargin}{-1.59999pt}.

[41]
\openout10 = `notes.listing'.

 (./_minted/005D82A4C79E9251E8C27E37AC542489.highlight.minted)
\openout10 = `notes.listing'.


(./_minted/63AA5A4FB1D4B7C1DF927CFCE3F20509.highlight.minted)
Underfull \vbox (badness 10000) has occurred while \output is active []



Package fancyhdr Warning: \headheight is too small (12.0pt): 
(fancyhdr)                Make it at least 13.59999pt, for example:
(fancyhdr)                \setlength{\headheight}{13.59999pt}.
(fancyhdr)                You might also make \topmargin smaller:
(fancyhdr)                \addtolength{\topmargin}{-1.59999pt}.

[42

]
\openout10 = `notes.listing'.

 (./_minted/9DE5D8D82F7A482A8B0F8CA52EE1E6F3.highlight.minted)
Underfull \vbox (badness 10000) has occurred while \output is active []



Package fancyhdr Warning: \headheight is too small (12.0pt): 
(fancyhdr)                Make it at least 13.59999pt, for example:
(fancyhdr)                \setlength{\headheight}{13.59999pt}.
(fancyhdr)                You might also make \topmargin smaller:
(fancyhdr)                \addtolength{\topmargin}{-1.59999pt}.

[43]
\openout10 = `notes.listing'.

 (./_minted/20C57967C95617D7C73A20AC583D54D9.highlight.minted)

Package fancyhdr Warning: \headheight is too small (12.0pt): 
(fancyhdr)                Make it at least 13.59999pt, for example:
(fancyhdr)                \setlength{\headheight}{13.59999pt}.
(fancyhdr)                You might also make \topmargin smaller:
(fancyhdr)                \addtolength{\topmargin}{-1.59999pt}.

[44]
\openout10 = `notes.listing'.

 (./_minted/957B666D1566DC3FA4647B81CCEE770E.highlight.minted)

Package fancyhdr Warning: \headheight is too small (12.0pt): 
(fancyhdr)                Make it at least 13.59999pt, for example:
(fancyhdr)                \setlength{\headheight}{13.59999pt}.
(fancyhdr)                You might also make \topmargin smaller:
(fancyhdr)                \addtolength{\topmargin}{-1.59999pt}.

[45]
\openout10 = `notes.listing'.

 (./_minted/FB51119C4BC641A16454A052ED4F671D.highlight.minted)
\openout10 = `notes.listing'.


(./_minted/0BBCFE8DD5AF03C174CA15DC4390EEB8.highlight.minted)

Package fancyhdr Warning: \headheight is too small (12.0pt): 
(fancyhdr)                Make it at least 13.59999pt, for example:
(fancyhdr)                \setlength{\headheight}{13.59999pt}.
(fancyhdr)                You might also make \topmargin smaller:
(fancyhdr)                \addtolength{\topmargin}{-1.59999pt}.

[46

]
\openout10 = `notes.listing'.

 (./_minted/975A4CBE0A0F1A6BCD4C587A2A7D78B2.highlight.minted)

Package fancyhdr Warning: \headheight is too small (12.0pt): 
(fancyhdr)                Make it at least 13.59999pt, for example:
(fancyhdr)                \setlength{\headheight}{13.59999pt}.
(fancyhdr)                You might also make \topmargin smaller:
(fancyhdr)                \addtolength{\topmargin}{-1.59999pt}.

[47]
\openout10 = `notes.listing'.

 (./_minted/DD35112CEE29D40415E6514300F0819D.highlight.minted)

Package fancyhdr Warning: \headheight is too small (12.0pt): 
(fancyhdr)                Make it at least 13.59999pt, for example:
(fancyhdr)                \setlength{\headheight}{13.59999pt}.
(fancyhdr)                You might also make \topmargin smaller:
(fancyhdr)                \addtolength{\topmargin}{-1.59999pt}.

[48]
\openout10 = `notes.listing'.

 (./_minted/0B86937C29BE54C6A6B86B437CB102BE.highlight.minted)

Package fancyhdr Warning: \headheight is too small (12.0pt): 
(fancyhdr)                Make it at least 13.59999pt, for example:
(fancyhdr)                \setlength{\headheight}{13.59999pt}.
(fancyhdr)                You might also make \topmargin smaller:
(fancyhdr)                \addtolength{\topmargin}{-1.59999pt}.

[49

]
\openout10 = `notes.listing'.

 (./_minted/C4E8A42619C5B6F73A37F279B5012C27.highlight.minted)
\openout10 = `notes.listing'.


(./_minted/6BA3210966C3B0906EC287BD757E7B20.highlight.minted)
Underfull \vbox (badness 1466) has occurred while \output is active []



Package fancyhdr Warning: \headheight is too small (12.0pt): 
(fancyhdr)                Make it at least 13.59999pt, for example:
(fancyhdr)                \setlength{\headheight}{13.59999pt}.
(fancyhdr)                You might also make \topmargin smaller:
(fancyhdr)                \addtolength{\topmargin}{-1.59999pt}.

[50

]
Underfull \hbox (badness 1184) in paragraph at lines 1901--1901
[]\OT1/cmr/m/n/10.95 Like for lists, Python of-fers many [][]\OT1/cmtt/m/n/10.9
5 methods to
 []


Package fancyhdr Warning: \headheight is too small (12.0pt): 
(fancyhdr)                Make it at least 13.59999pt, for example:
(fancyhdr)                \setlength{\headheight}{13.59999pt}.
(fancyhdr)                You might also make \topmargin smaller:
(fancyhdr)                \addtolength{\topmargin}{-1.59999pt}.

[51]
\openout10 = `notes.listing'.

 (./_minted/7FA2AC49FA12FF005053F4E52F15AC1B.highlight.minted)
\openout10 = `notes.listing'.


(./_minted/CC959E6AB00FE22D727AFA2BD65E56C2.highlight.minted)
Underfull \vbox (badness 10000) has occurred while \output is active []



Package fancyhdr Warning: \headheight is too small (12.0pt): 
(fancyhdr)                Make it at least 13.59999pt, for example:
(fancyhdr)                \setlength{\headheight}{13.59999pt}.
(fancyhdr)                You might also make \topmargin smaller:
(fancyhdr)                \addtolength{\topmargin}{-1.59999pt}.

[52

]
\openout10 = `notes.listing'.

 (./_minted/A3B349E38EAE60BEE80200E2E7B2B7FB.highlight.minted)

Package fancyhdr Warning: \headheight is too small (12.0pt): 
(fancyhdr)                Make it at least 13.59999pt, for example:
(fancyhdr)                \setlength{\headheight}{13.59999pt}.
(fancyhdr)                You might also make \topmargin smaller:
(fancyhdr)                \addtolength{\topmargin}{-1.59999pt}.

[53]
\openout10 = `notes.listing'.

 (./_minted/C44E46D2E7F392D248F90FBDEF8C3C4D.highlight.minted)

Package fancyhdr Warning: \headheight is too small (12.0pt): 
(fancyhdr)                Make it at least 13.59999pt, for example:
(fancyhdr)                \setlength{\headheight}{13.59999pt}.
(fancyhdr)                You might also make \topmargin smaller:
(fancyhdr)                \addtolength{\topmargin}{-1.59999pt}.

[54

]
\openout10 = `notes.listing'.

 (./_minted/EA526A434FD472D5EA32FAF095186166.highlight.minted)
\openout10 = `notes.listing'.


(./_minted/AD74960D4EB05A6A0C55C7E1EE30676A.highlight.minted)

Package fancyhdr Warning: \headheight is too small (12.0pt): 
(fancyhdr)                Make it at least 13.59999pt, for example:
(fancyhdr)                \setlength{\headheight}{13.59999pt}.
(fancyhdr)                You might also make \topmargin smaller:
(fancyhdr)                \addtolength{\topmargin}{-1.59999pt}.

[55

]
Underfull \hbox (badness 1286) in paragraph at lines 2107--2107
\OT1/cmr/m/it/10.95 a built-in func-tion cre-ates them, but
 []


Package fancyhdr Warning: \headheight is too small (12.0pt): 
(fancyhdr)                Make it at least 13.59999pt, for example:
(fancyhdr)                \setlength{\headheight}{13.59999pt}.
(fancyhdr)                You might also make \topmargin smaller:
(fancyhdr)                \addtolength{\topmargin}{-1.59999pt}.

[56

]
\openout10 = `notes.listing'.

 (./_minted/35B5082476EF8FFEA2445CBDC202C915.highlight.minted)
\openout10 = `notes.listing'.


(./_minted/98067420BBE8DDE70D02743042DAC0D1.highlight.minted)
Underfull \vbox (badness 10000) has occurred while \output is active []



Package fancyhdr Warning: \headheight is too small (12.0pt): 
(fancyhdr)                Make it at least 13.59999pt, for example:
(fancyhdr)                \setlength{\headheight}{13.59999pt}.
(fancyhdr)                You might also make \topmargin smaller:
(fancyhdr)                \addtolength{\topmargin}{-1.59999pt}.

[57

]

Package fancyhdr Warning: \headheight is too small (12.0pt): 
(fancyhdr)                Make it at least 13.59999pt, for example:
(fancyhdr)                \setlength{\headheight}{13.59999pt}.
(fancyhdr)                You might also make \topmargin smaller:
(fancyhdr)                \addtolength{\topmargin}{-1.59999pt}.

[58]
\openout10 = `notes.listing'.

 (./_minted/2118D56707D8B1A6540C4AA18F940A93.highlight.minted)

Package fancyhdr Warning: \headheight is too small (12.0pt): 
(fancyhdr)                Make it at least 13.59999pt, for example:
(fancyhdr)                \setlength{\headheight}{13.59999pt}.
(fancyhdr)                You might also make \topmargin smaller:
(fancyhdr)                \addtolength{\topmargin}{-1.59999pt}.

[59

]
\openout10 = `notes.listing'.

 (./_minted/836CE508AB97228ED8A129A1F81923A1.highlight.minted)

Package fancyhdr Warning: \headheight is too small (12.0pt): 
(fancyhdr)                Make it at least 13.59999pt, for example:
(fancyhdr)                \setlength{\headheight}{13.59999pt}.
(fancyhdr)                You might also make \topmargin smaller:
(fancyhdr)                \addtolength{\topmargin}{-1.59999pt}.

[60

]
Underfull \hbox (badness 1715) in paragraph at lines 2265--2265
[]\OT1/cmr/m/it/10.95 In sim-ple terms, state-ments are the
 []


Underfull \hbox (badness 1014) in paragraph at lines 2265--2265
\OT1/cmr/m/it/10.95 gested [omit-ted], pro-grams ``do things
 []


Package fancyhdr Warning: \headheight is too small (12.0pt): 
(fancyhdr)                Make it at least 13.59999pt, for example:
(fancyhdr)                \setlength{\headheight}{13.59999pt}.
(fancyhdr)                You might also make \topmargin smaller:
(fancyhdr)                \addtolength{\topmargin}{-1.59999pt}.

[61

]

Package fancyhdr Warning: \headheight is too small (12.0pt): 
(fancyhdr)                Make it at least 13.59999pt, for example:
(fancyhdr)                \setlength{\headheight}{13.59999pt}.
(fancyhdr)                You might also make \topmargin smaller:
(fancyhdr)                \addtolength{\topmargin}{-1.59999pt}.

[62]
\openout10 = `notes.listing'.

 (./_minted/7C26D6A1F8FD51FF0540502CABB77189.highlight.minted)
Underfull \vbox (badness 10000) has occurred while \output is active []


Underfull \vbox (badness 10000) has occurred while \output is active []


Underfull \vbox (badness 10000) has occurred while \output is active []


Underfull \vbox (badness 10000) has occurred while \output is active []



Package fancyhdr Warning: \headheight is too small (12.0pt): 
(fancyhdr)                Make it at least 13.59999pt, for example:
(fancyhdr)                \setlength{\headheight}{13.59999pt}.
(fancyhdr)                You might also make \topmargin smaller:
(fancyhdr)                \addtolength{\topmargin}{-1.59999pt}.

[63


]
\openout10 = `notes.listing'.

 (./_minted/2BA3C1BD0CDB2CAA60BFA3D85B95E24D.highlight.minted)
\openout10 = `notes.listing'.


(./_minted/8CE8E734E3F103C9BEEC4BB882702932.highlight.minted)
Underfull \vbox (badness 10000) has occurred while \output is active []



Package fancyhdr Warning: \headheight is too small (12.0pt): 
(fancyhdr)                Make it at least 13.59999pt, for example:
(fancyhdr)                \setlength{\headheight}{13.59999pt}.
(fancyhdr)                You might also make \topmargin smaller:
(fancyhdr)                \addtolength{\topmargin}{-1.59999pt}.

[64]
\openout10 = `notes.listing'.

 (./_minted/B8721FE7B015C2684A323B2165F1E7C3.highlight.minted)

Package fancyhdr Warning: \headheight is too small (12.0pt): 
(fancyhdr)                Make it at least 13.59999pt, for example:
(fancyhdr)                \setlength{\headheight}{13.59999pt}.
(fancyhdr)                You might also make \topmargin smaller:
(fancyhdr)                \addtolength{\topmargin}{-1.59999pt}.

[65]
\openout10 = `notes.listing'.

 (./_minted/4896849DDD215082073183C3F798E6F5.highlight.minted)

Package fancyhdr Warning: \headheight is too small (12.0pt): 
(fancyhdr)                Make it at least 13.59999pt, for example:
(fancyhdr)                \setlength{\headheight}{13.59999pt}.
(fancyhdr)                You might also make \topmargin smaller:
(fancyhdr)                \addtolength{\topmargin}{-1.59999pt}.

[66

]
\openout10 = `notes.listing'.

 (./_minted/7690CE7236FD5A6E83C3026743ACC3D7.highlight.minted)
\openout10 = `notes.listing'.


(./_minted/32313B5CAF8438847ACBBFA0A74DE02D.highlight.minted)

Package fancyhdr Warning: \headheight is too small (12.0pt): 
(fancyhdr)                Make it at least 13.59999pt, for example:
(fancyhdr)                \setlength{\headheight}{13.59999pt}.
(fancyhdr)                You might also make \topmargin smaller:
(fancyhdr)                \addtolength{\topmargin}{-1.59999pt}.

[67

]
\openout10 = `notes.listing'.

 (./_minted/E87340300D2DA67B21A5D67614F2C4B4.highlight.minted)
\openout10 = `notes.listing'.


(./_minted/282F781D184C780289BEAD39D9310F7B.highlight.minted)

Package fancyhdr Warning: \headheight is too small (12.0pt): 
(fancyhdr)                Make it at least 13.59999pt, for example:
(fancyhdr)                \setlength{\headheight}{13.59999pt}.
(fancyhdr)                You might also make \topmargin smaller:
(fancyhdr)                \addtolength{\topmargin}{-1.59999pt}.

[68

]
\openout10 = `notes.listing'.

 (./_minted/B10A1C27C17FEE83AA1907CC2B822247.highlight.minted)

Package fancyhdr Warning: \headheight is too small (12.0pt): 
(fancyhdr)                Make it at least 13.59999pt, for example:
(fancyhdr)                \setlength{\headheight}{13.59999pt}.
(fancyhdr)                You might also make \topmargin smaller:
(fancyhdr)                \addtolength{\topmargin}{-1.59999pt}.

[69

]
\openout10 = `notes.listing'.

 (./_minted/51EA6951A2793B53BD3EF6A23ED3677C.highlight.minted)
\openout10 = `notes.listing'.


(./_minted/3EEA46C1FB04356EFC47263A39EAF0A4.highlight.minted)

Package fancyhdr Warning: \headheight is too small (12.0pt): 
(fancyhdr)                Make it at least 13.59999pt, for example:
(fancyhdr)                \setlength{\headheight}{13.59999pt}.
(fancyhdr)                You might also make \topmargin smaller:
(fancyhdr)                \addtolength{\topmargin}{-1.59999pt}.

[70

]
\openout10 = `notes.listing'.

 (./_minted/9A028D2258C16F32F2CF8CA7FA76FEB6.highlight.minted)
\openout10 = `notes.listing'.


(./_minted/AC91F8DB8FCFA468A6D7DECC2451384B.highlight.minted) (./notes.ent)

Package fancyhdr Warning: \headheight is too small (12.0pt): 
(fancyhdr)                Make it at least 13.59999pt, for example:
(fancyhdr)                \setlength{\headheight}{13.59999pt}.
(fancyhdr)                You might also make \topmargin smaller:
(fancyhdr)                \addtolength{\topmargin}{-1.59999pt}.

[71

]

Package fancyhdr Warning: \headheight is too small (12.0pt): 
(fancyhdr)                Make it at least 13.59999pt, for example:
(fancyhdr)                \setlength{\headheight}{13.59999pt}.
(fancyhdr)                You might also make \topmargin smaller:
(fancyhdr)                \addtolength{\topmargin}{-1.59999pt}.

[72]
Chapter 4.
[73

]
LaTeX Font Info:    Font shape `OT1/cmtt/bx/n' in size <14.4> not available
(Font)              Font shape `OT1/cmtt/m/n' tried instead on input line 2711.

\openout10 = `notes.listing'.

 (./_minted/E934F1A0C529B9185D02D1DB7B339822.highlight.minted)

Package fancyhdr Warning: \headheight is too small (12.0pt): 
(fancyhdr)                Make it at least 13.59999pt, for example:
(fancyhdr)                \setlength{\headheight}{13.59999pt}.
(fancyhdr)                You might also make \topmargin smaller:
(fancyhdr)                \addtolength{\topmargin}{-1.59999pt}.

[74

]
\openout3 = `notes.ent'.

\openout10 = `notes.listing'.

 (./_minted/183ADF1B713DEAF1C1895D7274F01FB0.highlight.minted)

Package fancyhdr Warning: \headheight is too small (12.0pt): 
(fancyhdr)                Make it at least 13.59999pt, for example:
(fancyhdr)                \setlength{\headheight}{13.59999pt}.
(fancyhdr)                You might also make \topmargin smaller:
(fancyhdr)                \addtolength{\topmargin}{-1.59999pt}.

[75

]
\openout10 = `notes.listing'.

 (./_minted/85954D27875B83ECEEF87EA1616C6CF0.highlight.minted)

Package fancyhdr Warning: \headheight is too small (12.0pt): 
(fancyhdr)                Make it at least 13.59999pt, for example:
(fancyhdr)                \setlength{\headheight}{13.59999pt}.
(fancyhdr)                You might also make \topmargin smaller:
(fancyhdr)                \addtolength{\topmargin}{-1.59999pt}.

[76

]
\openout10 = `notes.listing'.

 (./_minted/8014625034AD9B48557BFAA1221B5CAA.highlight.minted)
Underfull \vbox (badness 6204) has occurred while \output is active []



Package fancyhdr Warning: \headheight is too small (12.0pt): 
(fancyhdr)                Make it at least 13.59999pt, for example:
(fancyhdr)                \setlength{\headheight}{13.59999pt}.
(fancyhdr)                You might also make \topmargin smaller:
(fancyhdr)                \addtolength{\topmargin}{-1.59999pt}.

[77

]

Package fancyhdr Warning: \headheight is too small (12.0pt): 
(fancyhdr)                Make it at least 13.59999pt, for example:
(fancyhdr)                \setlength{\headheight}{13.59999pt}.
(fancyhdr)                You might also make \topmargin smaller:
(fancyhdr)                \addtolength{\topmargin}{-1.59999pt}.

[78]

Package fancyhdr Warning: \headheight is too small (12.0pt): 
(fancyhdr)                Make it at least 13.59999pt, for example:
(fancyhdr)                \setlength{\headheight}{13.59999pt}.
(fancyhdr)                You might also make \topmargin smaller:
(fancyhdr)                \addtolength{\topmargin}{-1.59999pt}.

[79]

Package fancyhdr Warning: \headheight is too small (12.0pt): 
(fancyhdr)                Make it at least 13.59999pt, for example:
(fancyhdr)                \setlength{\headheight}{13.59999pt}.
(fancyhdr)                You might also make \topmargin smaller:
(fancyhdr)                \addtolength{\topmargin}{-1.59999pt}.

[80


]
\openout10 = `notes.listing'.

 (./_minted/8F62445F0677822E723EB23352FD0C05.highlight.minted)

Package fancyhdr Warning: \headheight is too small (12.0pt): 
(fancyhdr)                Make it at least 13.59999pt, for example:
(fancyhdr)                \setlength{\headheight}{13.59999pt}.
(fancyhdr)                You might also make \topmargin smaller:
(fancyhdr)                \addtolength{\topmargin}{-1.59999pt}.

[81

]

Package fancyhdr Warning: \headheight is too small (12.0pt): 
(fancyhdr)                Make it at least 13.59999pt, for example:
(fancyhdr)                \setlength{\headheight}{13.59999pt}.
(fancyhdr)                You might also make \topmargin smaller:
(fancyhdr)                \addtolength{\topmargin}{-1.59999pt}.

[82]
\openout10 = `notes.listing'.

 (./_minted/41CEE6F3FB53E8655E7C8395F2E22CFF.highlight.minted)
Underfull \vbox (badness 10000) has occurred while \output is active []



Package fancyhdr Warning: \headheight is too small (12.0pt): 
(fancyhdr)                Make it at least 13.59999pt, for example:
(fancyhdr)                \setlength{\headheight}{13.59999pt}.
(fancyhdr)                You might also make \topmargin smaller:
(fancyhdr)                \addtolength{\topmargin}{-1.59999pt}.

[83

]

Package fancyhdr Warning: \headheight is too small (12.0pt): 
(fancyhdr)                Make it at least 13.59999pt, for example:
(fancyhdr)                \setlength{\headheight}{13.59999pt}.
(fancyhdr)                You might also make \topmargin smaller:
(fancyhdr)                \addtolength{\topmargin}{-1.59999pt}.

[84]

Package fancyhdr Warning: \headheight is too small (12.0pt): 
(fancyhdr)                Make it at least 13.59999pt, for example:
(fancyhdr)                \setlength{\headheight}{13.59999pt}.
(fancyhdr)                You might also make \topmargin smaller:
(fancyhdr)                \addtolength{\topmargin}{-1.59999pt}.

[85]
\openout10 = `notes.listing'.

 (./_minted/318591286842AE4296F89C02081DA463.highlight.minted)

Package fancyhdr Warning: \headheight is too small (12.0pt): 
(fancyhdr)                Make it at least 13.59999pt, for example:
(fancyhdr)                \setlength{\headheight}{13.59999pt}.
(fancyhdr)                You might also make \topmargin smaller:
(fancyhdr)                \addtolength{\topmargin}{-1.59999pt}.

[86

]

Package fancyhdr Warning: \headheight is too small (12.0pt): 
(fancyhdr)                Make it at least 13.59999pt, for example:
(fancyhdr)                \setlength{\headheight}{13.59999pt}.
(fancyhdr)                You might also make \topmargin smaller:
(fancyhdr)                \addtolength{\topmargin}{-1.59999pt}.

[87]
\openout10 = `notes.listing'.

 (./_minted/D96CF634C9B819DB4A6C83D26354C6E1.highlight.minted)

Package fancyhdr Warning: \headheight is too small (12.0pt): 
(fancyhdr)                Make it at least 13.59999pt, for example:
(fancyhdr)                \setlength{\headheight}{13.59999pt}.
(fancyhdr)                You might also make \topmargin smaller:
(fancyhdr)                \addtolength{\topmargin}{-1.59999pt}.

[88

] (./contour.pgf)

Package fancyhdr Warning: \headheight is too small (12.0pt): 
(fancyhdr)                Make it at least 13.59999pt, for example:
(fancyhdr)                \setlength{\headheight}{13.59999pt}.
(fancyhdr)                You might also make \topmargin smaller:
(fancyhdr)                \addtolength{\topmargin}{-1.59999pt}.

[89]

Package fancyhdr Warning: \headheight is too small (12.0pt): 
(fancyhdr)                Make it at least 13.59999pt, for example:
(fancyhdr)                \setlength{\headheight}{13.59999pt}.
(fancyhdr)                You might also make \topmargin smaller:
(fancyhdr)                \addtolength{\topmargin}{-1.59999pt}.

[90]
\openout10 = `notes.listing'.

 (./_minted/543590E8B41A7569F0A08CD8FEAA40D9.highlight.minted)

Package fancyhdr Warning: \headheight is too small (12.0pt): 
(fancyhdr)                Make it at least 13.59999pt, for example:
(fancyhdr)                \setlength{\headheight}{13.59999pt}.
(fancyhdr)                You might also make \topmargin smaller:
(fancyhdr)                \addtolength{\topmargin}{-1.59999pt}.

[91

]

Package fancyhdr Warning: \headheight is too small (12.0pt): 
(fancyhdr)                Make it at least 13.59999pt, for example:
(fancyhdr)                \setlength{\headheight}{13.59999pt}.
(fancyhdr)                You might also make \topmargin smaller:
(fancyhdr)                \addtolength{\topmargin}{-1.59999pt}.

[92]
\openout10 = `notes.listing'.

 (./_minted/C223E114DBFE1F708403159FBBD21C8D.highlight.minted)

Package fancyhdr Warning: \headheight is too small (12.0pt): 
(fancyhdr)                Make it at least 13.59999pt, for example:
(fancyhdr)                \setlength{\headheight}{13.59999pt}.
(fancyhdr)                You might also make \topmargin smaller:
(fancyhdr)                \addtolength{\topmargin}{-1.59999pt}.

[93

]

Package fancyhdr Warning: \headheight is too small (12.0pt): 
(fancyhdr)                Make it at least 13.59999pt, for example:
(fancyhdr)                \setlength{\headheight}{13.59999pt}.
(fancyhdr)                You might also make \topmargin smaller:
(fancyhdr)                \addtolength{\topmargin}{-1.59999pt}.

[94]

Package fancyhdr Warning: \headheight is too small (12.0pt): 
(fancyhdr)                Make it at least 13.59999pt, for example:
(fancyhdr)                \setlength{\headheight}{13.59999pt}.
(fancyhdr)                You might also make \topmargin smaller:
(fancyhdr)                \addtolength{\topmargin}{-1.59999pt}.

[95

]
\openout10 = `notes.listing'.

 (./_minted/A7910DA22BFA255FB25BED28018CAD21.highlight.minted)

Package fancyhdr Warning: \headheight is too small (12.0pt): 
(fancyhdr)                Make it at least 13.59999pt, for example:
(fancyhdr)                \setlength{\headheight}{13.59999pt}.
(fancyhdr)                You might also make \topmargin smaller:
(fancyhdr)                \addtolength{\topmargin}{-1.59999pt}.

[96

]

Package fancyhdr Warning: \headheight is too small (12.0pt): 
(fancyhdr)                Make it at least 13.59999pt, for example:
(fancyhdr)                \setlength{\headheight}{13.59999pt}.
(fancyhdr)                You might also make \topmargin smaller:
(fancyhdr)                \addtolength{\topmargin}{-1.59999pt}.

[97

]
\openout10 = `notes.listing'.

 (./_minted/875B932A2FF4C1F3809D211BCC1B8E35.highlight.minted)
Underfull \vbox (badness 10000) has occurred while \output is active []



Package fancyhdr Warning: \headheight is too small (12.0pt): 
(fancyhdr)                Make it at least 13.59999pt, for example:
(fancyhdr)                \setlength{\headheight}{13.59999pt}.
(fancyhdr)                You might also make \topmargin smaller:
(fancyhdr)                \addtolength{\topmargin}{-1.59999pt}.

[98

] (./sine.pgf) (./cosine.pgf)
Overfull \vbox (45.66656pt too high) has occurred while \output is active []


Overfull \vbox (45.66656pt too high) has occurred while \output is active []



Package fancyhdr Warning: \headheight is too small (12.0pt): 
(fancyhdr)                Make it at least 13.59999pt, for example:
(fancyhdr)                \setlength{\headheight}{13.59999pt}.
(fancyhdr)                You might also make \topmargin smaller:
(fancyhdr)                \addtolength{\topmargin}{-1.59999pt}.

[99]

Package fancyhdr Warning: \headheight is too small (12.0pt): 
(fancyhdr)                Make it at least 13.59999pt, for example:
(fancyhdr)                \setlength{\headheight}{13.59999pt}.
(fancyhdr)                You might also make \topmargin smaller:
(fancyhdr)                \addtolength{\topmargin}{-1.59999pt}.

[100]
Overfull \hbox (21.33426pt too wide) in paragraph at lines 3600--3617
 [][] 
 []


Package fancyhdr Warning: \headheight is too small (12.0pt): 
(fancyhdr)                Make it at least 13.59999pt, for example:
(fancyhdr)                \setlength{\headheight}{13.59999pt}.
(fancyhdr)                You might also make \topmargin smaller:
(fancyhdr)                \addtolength{\topmargin}{-1.59999pt}.

[101]

Package fancyhdr Warning: \headheight is too small (12.0pt): 
(fancyhdr)                Make it at least 13.59999pt, for example:
(fancyhdr)                \setlength{\headheight}{13.59999pt}.
(fancyhdr)                You might also make \topmargin smaller:
(fancyhdr)                \addtolength{\topmargin}{-1.59999pt}.

[102]

Package fancyhdr Warning: \headheight is too small (12.0pt): 
(fancyhdr)                Make it at least 13.59999pt, for example:
(fancyhdr)                \setlength{\headheight}{13.59999pt}.
(fancyhdr)                You might also make \topmargin smaller:
(fancyhdr)                \addtolength{\topmargin}{-1.59999pt}.

[103]

Package fancyhdr Warning: \headheight is too small (12.0pt): 
(fancyhdr)                Make it at least 13.59999pt, for example:
(fancyhdr)                \setlength{\headheight}{13.59999pt}.
(fancyhdr)                You might also make \topmargin smaller:
(fancyhdr)                \addtolength{\topmargin}{-1.59999pt}.

[104]
\openout10 = `notes.listing'.

 (./_minted/E065154741E2B7CE530BDB1B4DA03AEA.highlight.minted)

Package fancyhdr Warning: \headheight is too small (12.0pt): 
(fancyhdr)                Make it at least 13.59999pt, for example:
(fancyhdr)                \setlength{\headheight}{13.59999pt}.
(fancyhdr)                You might also make \topmargin smaller:
(fancyhdr)                \addtolength{\topmargin}{-1.59999pt}.

[105


]
\openout10 = `notes.listing'.

 (./_minted/A8D0B1D88989D843F3165D4D7AF715EA.highlight.minted)

Package fancyhdr Warning: \headheight is too small (12.0pt): 
(fancyhdr)                Make it at least 13.59999pt, for example:
(fancyhdr)                \setlength{\headheight}{13.59999pt}.
(fancyhdr)                You might also make \topmargin smaller:
(fancyhdr)                \addtolength{\topmargin}{-1.59999pt}.

[106]

Package fancyhdr Warning: \headheight is too small (12.0pt): 
(fancyhdr)                Make it at least 13.59999pt, for example:
(fancyhdr)                \setlength{\headheight}{13.59999pt}.
(fancyhdr)                You might also make \topmargin smaller:
(fancyhdr)                \addtolength{\topmargin}{-1.59999pt}.

[107]

Package fancyhdr Warning: \headheight is too small (12.0pt): 
(fancyhdr)                Make it at least 13.59999pt, for example:
(fancyhdr)                \setlength{\headheight}{13.59999pt}.
(fancyhdr)                You might also make \topmargin smaller:
(fancyhdr)                \addtolength{\topmargin}{-1.59999pt}.

[108]

Package fancyhdr Warning: \headheight is too small (12.0pt): 
(fancyhdr)                Make it at least 13.59999pt, for example:
(fancyhdr)                \setlength{\headheight}{13.59999pt}.
(fancyhdr)                You might also make \topmargin smaller:
(fancyhdr)                \addtolength{\topmargin}{-1.59999pt}.

[109]

Package fancyhdr Warning: \headheight is too small (12.0pt): 
(fancyhdr)                Make it at least 13.59999pt, for example:
(fancyhdr)                \setlength{\headheight}{13.59999pt}.
(fancyhdr)                You might also make \topmargin smaller:
(fancyhdr)                \addtolength{\topmargin}{-1.59999pt}.

[110]

Package fancyhdr Warning: \headheight is too small (12.0pt): 
(fancyhdr)                Make it at least 13.59999pt, for example:
(fancyhdr)                \setlength{\headheight}{13.59999pt}.
(fancyhdr)                You might also make \topmargin smaller:
(fancyhdr)                \addtolength{\topmargin}{-1.59999pt}.

[111]
\openout10 = `notes.listing'.

 (./_minted/9F257555B4B49A8EE7FD5164BCEFF658.highlight.minted)
Underfull \vbox (badness 2245) has occurred while \output is active []



Package fancyhdr Warning: \headheight is too small (12.0pt): 
(fancyhdr)                Make it at least 13.59999pt, for example:
(fancyhdr)                \setlength{\headheight}{13.59999pt}.
(fancyhdr)                You might also make \topmargin smaller:
(fancyhdr)                \addtolength{\topmargin}{-1.59999pt}.

[112

]
\openout10 = `notes.listing'.

 (./_minted/0873969C8D226C424C701F5BA5FE03EF.highlight.minted)

Package fancyhdr Warning: \headheight is too small (12.0pt): 
(fancyhdr)                Make it at least 13.59999pt, for example:
(fancyhdr)                \setlength{\headheight}{13.59999pt}.
(fancyhdr)                You might also make \topmargin smaller:
(fancyhdr)                \addtolength{\topmargin}{-1.59999pt}.

[113]

Package fancyhdr Warning: \headheight is too small (12.0pt): 
(fancyhdr)                Make it at least 13.59999pt, for example:
(fancyhdr)                \setlength{\headheight}{13.59999pt}.
(fancyhdr)                You might also make \topmargin smaller:
(fancyhdr)                \addtolength{\topmargin}{-1.59999pt}.

[114

]
\openout10 = `notes.listing'.

 (./_minted/40DE7903B47BB043E4F1EA64FE34AAF9.highlight.minted) (./ols.pgf)
Underfull \vbox (badness 10000) has occurred while \output is active []


Underfull \vbox (badness 10000) has occurred while \output is active []



Package fancyhdr Warning: \headheight is too small (12.0pt): 
(fancyhdr)                Make it at least 13.59999pt, for example:
(fancyhdr)                \setlength{\headheight}{13.59999pt}.
(fancyhdr)                You might also make \topmargin smaller:
(fancyhdr)                \addtolength{\topmargin}{-1.59999pt}.

[115

]

Package fancyhdr Warning: \headheight is too small (12.0pt): 
(fancyhdr)                Make it at least 13.59999pt, for example:
(fancyhdr)                \setlength{\headheight}{13.59999pt}.
(fancyhdr)                You might also make \topmargin smaller:
(fancyhdr)                \addtolength{\topmargin}{-1.59999pt}.

[116]

Package fancyhdr Warning: \headheight is too small (12.0pt): 
(fancyhdr)                Make it at least 13.59999pt, for example:
(fancyhdr)                \setlength{\headheight}{13.59999pt}.
(fancyhdr)                You might also make \topmargin smaller:
(fancyhdr)                \addtolength{\topmargin}{-1.59999pt}.

[117]

Package fancyhdr Warning: \headheight is too small (12.0pt): 
(fancyhdr)                Make it at least 13.59999pt, for example:
(fancyhdr)                \setlength{\headheight}{13.59999pt}.
(fancyhdr)                You might also make \topmargin smaller:
(fancyhdr)                \addtolength{\topmargin}{-1.59999pt}.

[118]

Package fancyhdr Warning: \headheight is too small (12.0pt): 
(fancyhdr)                Make it at least 13.59999pt, for example:
(fancyhdr)                \setlength{\headheight}{13.59999pt}.
(fancyhdr)                You might also make \topmargin smaller:
(fancyhdr)                \addtolength{\topmargin}{-1.59999pt}.

[119]

Package fancyhdr Warning: \headheight is too small (12.0pt): 
(fancyhdr)                Make it at least 13.59999pt, for example:
(fancyhdr)                \setlength{\headheight}{13.59999pt}.
(fancyhdr)                You might also make \topmargin smaller:
(fancyhdr)                \addtolength{\topmargin}{-1.59999pt}.

[120]
\openout10 = `notes.listing'.

 (./_minted/9D5615866956C18BAD4CBB141A753CC2.highlight.minted)

Package fancyhdr Warning: \headheight is too small (12.0pt): 
(fancyhdr)                Make it at least 13.59999pt, for example:
(fancyhdr)                \setlength{\headheight}{13.59999pt}.
(fancyhdr)                You might also make \topmargin smaller:
(fancyhdr)                \addtolength{\topmargin}{-1.59999pt}.

[121

]
Underfull \hbox (badness 6876) in paragraph at lines 4290--4290
[] \OT1/cmr/m/n/10.95 In lines 32 and 37, we cre-ate two ar-
 []


Underfull \hbox (badness 6461) in paragraph at lines 4290--4290
\OT1/cmr/m/n/10.95 mal (see [][]\OT1/cmtt/m/n/10.95 .random.normal[][]\OT1/cmr/
m/n/10.95 ) and Pois-son (see
 []

\openout10 = `notes.listing'.

(./_minted/9AE761BC8F1090CEA9B907C089E7AA0F.highlight.minted)
Underfull \vbox (badness 10000) has occurred while \output is active []



Package fancyhdr Warning: \headheight is too small (12.0pt): 
(fancyhdr)                Make it at least 13.59999pt, for example:
(fancyhdr)                \setlength{\headheight}{13.59999pt}.
(fancyhdr)                You might also make \topmargin smaller:
(fancyhdr)                \addtolength{\topmargin}{-1.59999pt}.

[122

]

Package fancyhdr Warning: \headheight is too small (12.0pt): 
(fancyhdr)                Make it at least 13.59999pt, for example:
(fancyhdr)                \setlength{\headheight}{13.59999pt}.
(fancyhdr)                You might also make \topmargin smaller:
(fancyhdr)                \addtolength{\topmargin}{-1.59999pt}.

[123] (./norm.pgf) (./poisson.pgf)
Underfull \vbox (badness 10000) has occurred while \output is active []


Underfull \vbox (badness 10000) has occurred while \output is active []



Package fancyhdr Warning: \headheight is too small (12.0pt): 
(fancyhdr)                Make it at least 13.59999pt, for example:
(fancyhdr)                \setlength{\headheight}{13.59999pt}.
(fancyhdr)                You might also make \topmargin smaller:
(fancyhdr)                \addtolength{\topmargin}{-1.59999pt}.

[124]

Package fancyhdr Warning: \headheight is too small (12.0pt): 
(fancyhdr)                Make it at least 13.59999pt, for example:
(fancyhdr)                \setlength{\headheight}{13.59999pt}.
(fancyhdr)                You might also make \topmargin smaller:
(fancyhdr)                \addtolength{\topmargin}{-1.59999pt}.

[125]

Package fancyhdr Warning: \headheight is too small (12.0pt): 
(fancyhdr)                Make it at least 13.59999pt, for example:
(fancyhdr)                \setlength{\headheight}{13.59999pt}.
(fancyhdr)                You might also make \topmargin smaller:
(fancyhdr)                \addtolength{\topmargin}{-1.59999pt}.

[126]
\openout10 = `notes.listing'.

 (./_minted/F6136D8668695C4A2EE6A79D8A094A29.highlight.minted)
Underfull \vbox (badness 10000) has occurred while \output is active []



Package fancyhdr Warning: \headheight is too small (12.0pt): 
(fancyhdr)                Make it at least 13.59999pt, for example:
(fancyhdr)                \setlength{\headheight}{13.59999pt}.
(fancyhdr)                You might also make \topmargin smaller:
(fancyhdr)                \addtolength{\topmargin}{-1.59999pt}.

[127

] (./notes.ent)

Package fancyhdr Warning: \headheight is too small (12.0pt): 
(fancyhdr)                Make it at least 13.59999pt, for example:
(fancyhdr)                \setlength{\headheight}{13.59999pt}.
(fancyhdr)                You might also make \topmargin smaller:
(fancyhdr)                \addtolength{\topmargin}{-1.59999pt}.

[128]
Chapter 5.
\openout3 = `notes.ent'.


Underfull \vbox (badness 10000) has occurred while \output is active []


Underfull \vbox (badness 10000) has occurred while \output is active []

 [129

]

Package fancyhdr Warning: \headheight is too small (12.0pt): 
(fancyhdr)                Make it at least 13.59999pt, for example:
(fancyhdr)                \setlength{\headheight}{13.59999pt}.
(fancyhdr)                You might also make \topmargin smaller:
(fancyhdr)                \addtolength{\topmargin}{-1.59999pt}.

[130]

Package fancyhdr Warning: \headheight is too small (12.0pt): 
(fancyhdr)                Make it at least 13.59999pt, for example:
(fancyhdr)                \setlength{\headheight}{13.59999pt}.
(fancyhdr)                You might also make \topmargin smaller:
(fancyhdr)                \addtolength{\topmargin}{-1.59999pt}.

[131

]
Underfull \hbox (badness 2521) in paragraph at lines 4585--4585
[]\OT1/cmr/m/n/10.95 Put sim-ply (i.e., from a user stand-point), a
 []


Underfull \hbox (badness 10000) in paragraph at lines 4625--4625
[][][]\OT1/cmtt/m/n/10.95 .DataFrame.from[]dict[][]\OT1/cmr/m/n/10.95 , which c
re-ates a
 []


Underfull \hbox (badness 6220) in paragraph at lines 4625--4625
[][][]\OT1/cmtt/m/n/10.95 .DataFrame.sparse.from[]spmatrix[][]\OT1/cmr/m/n/10.9
5 , which
 []


Package fancyhdr Warning: \headheight is too small (12.0pt): 
(fancyhdr)                Make it at least 13.59999pt, for example:
(fancyhdr)                \setlength{\headheight}{13.59999pt}.
(fancyhdr)                You might also make \topmargin smaller:
(fancyhdr)                \addtolength{\topmargin}{-1.59999pt}.

[132

]

Package fancyhdr Warning: \headheight is too small (12.0pt): 
(fancyhdr)                Make it at least 13.59999pt, for example:
(fancyhdr)                \setlength{\headheight}{13.59999pt}.
(fancyhdr)                You might also make \topmargin smaller:
(fancyhdr)                \addtolength{\topmargin}{-1.59999pt}.

[133]
\openout10 = `notes.listing'.

 (./_minted/F51EF2AB9924012334CA45A3528B957E.highlight.minted)
Underfull \vbox (badness 10000) has occurred while \output is active []



Package fancyhdr Warning: \headheight is too small (12.0pt): 
(fancyhdr)                Make it at least 13.59999pt, for example:
(fancyhdr)                \setlength{\headheight}{13.59999pt}.
(fancyhdr)                You might also make \topmargin smaller:
(fancyhdr)                \addtolength{\topmargin}{-1.59999pt}.

[134

]
\openout10 = `notes.listing'.

 (./_minted/86156F2A5A3097A1852CC1A6F18CD9A5.highlight.minted)
Underfull \vbox (badness 10000) has occurred while \output is active []



Package fancyhdr Warning: \headheight is too small (12.0pt): 
(fancyhdr)                Make it at least 13.59999pt, for example:
(fancyhdr)                \setlength{\headheight}{13.59999pt}.
(fancyhdr)                You might also make \topmargin smaller:
(fancyhdr)                \addtolength{\topmargin}{-1.59999pt}.

[135]
\openout10 = `notes.listing'.

 (./_minted/82F55B2B2FCD0AA214BC07EB1DEEB067.highlight.minted)
Underfull \vbox (badness 4441) has occurred while \output is active []



Package fancyhdr Warning: \headheight is too small (12.0pt): 
(fancyhdr)                Make it at least 13.59999pt, for example:
(fancyhdr)                \setlength{\headheight}{13.59999pt}.
(fancyhdr)                You might also make \topmargin smaller:
(fancyhdr)                \addtolength{\topmargin}{-1.59999pt}.

[136]

Package fancyhdr Warning: \headheight is too small (12.0pt): 
(fancyhdr)                Make it at least 13.59999pt, for example:
(fancyhdr)                \setlength{\headheight}{13.59999pt}.
(fancyhdr)                You might also make \topmargin smaller:
(fancyhdr)                \addtolength{\topmargin}{-1.59999pt}.

[137]
\openout10 = `notes.listing'.

 (./_minted/F40F00FD92A8BF1FB1EF0C23F77D7AF0.highlight.minted)

Package fancyhdr Warning: \headheight is too small (12.0pt): 
(fancyhdr)                Make it at least 13.59999pt, for example:
(fancyhdr)                \setlength{\headheight}{13.59999pt}.
(fancyhdr)                You might also make \topmargin smaller:
(fancyhdr)                \addtolength{\topmargin}{-1.59999pt}.

[138

]
\openout10 = `notes.listing'.

 (./_minted/78191EF4D0F76EA73F22CA124AD31722.highlight.minted)

Package fancyhdr Warning: \headheight is too small (12.0pt): 
(fancyhdr)                Make it at least 13.59999pt, for example:
(fancyhdr)                \setlength{\headheight}{13.59999pt}.
(fancyhdr)                You might also make \topmargin smaller:
(fancyhdr)                \addtolength{\topmargin}{-1.59999pt}.

[139

]
\openout10 = `notes.listing'.

 (./_minted/020F6002B671588D1EC9C28431FCBDA1.highlight.minted)
Underfull \vbox (badness 10000) has occurred while \output is active []



Package fancyhdr Warning: \headheight is too small (12.0pt): 
(fancyhdr)                Make it at least 13.59999pt, for example:
(fancyhdr)                \setlength{\headheight}{13.59999pt}.
(fancyhdr)                You might also make \topmargin smaller:
(fancyhdr)                \addtolength{\topmargin}{-1.59999pt}.

[140

]

Package fancyhdr Warning: \headheight is too small (12.0pt): 
(fancyhdr)                Make it at least 13.59999pt, for example:
(fancyhdr)                \setlength{\headheight}{13.59999pt}.
(fancyhdr)                You might also make \topmargin smaller:
(fancyhdr)                \addtolength{\topmargin}{-1.59999pt}.

[141]
\openout10 = `notes.listing'.

 (./_minted/9FF4EF99D8AB3382B9B864F75800FAD7.highlight.minted)
Underfull \vbox (badness 8189) has occurred while \output is active []



Package fancyhdr Warning: \headheight is too small (12.0pt): 
(fancyhdr)                Make it at least 13.59999pt, for example:
(fancyhdr)                \setlength{\headheight}{13.59999pt}.
(fancyhdr)                You might also make \topmargin smaller:
(fancyhdr)                \addtolength{\topmargin}{-1.59999pt}.

[142]

Package fancyhdr Warning: \headheight is too small (12.0pt): 
(fancyhdr)                Make it at least 13.59999pt, for example:
(fancyhdr)                \setlength{\headheight}{13.59999pt}.
(fancyhdr)                You might also make \topmargin smaller:
(fancyhdr)                \addtolength{\topmargin}{-1.59999pt}.

[143]
\openout10 = `notes.listing'.

 (./_minted/14B267255CB2EA6744ABF2DDA3AE078C.highlight.minted)
Underfull \vbox (badness 10000) has occurred while \output is active []



Package fancyhdr Warning: \headheight is too small (12.0pt): 
(fancyhdr)                Make it at least 13.59999pt, for example:
(fancyhdr)                \setlength{\headheight}{13.59999pt}.
(fancyhdr)                You might also make \topmargin smaller:
(fancyhdr)                \addtolength{\topmargin}{-1.59999pt}.

[144

]

Package fancyhdr Warning: \headheight is too small (12.0pt): 
(fancyhdr)                Make it at least 13.59999pt, for example:
(fancyhdr)                \setlength{\headheight}{13.59999pt}.
(fancyhdr)                You might also make \topmargin smaller:
(fancyhdr)                \addtolength{\topmargin}{-1.59999pt}.

[145]

Package fancyhdr Warning: \headheight is too small (12.0pt): 
(fancyhdr)                Make it at least 13.59999pt, for example:
(fancyhdr)                \setlength{\headheight}{13.59999pt}.
(fancyhdr)                You might also make \topmargin smaller:
(fancyhdr)                \addtolength{\topmargin}{-1.59999pt}.

[146]
\openout10 = `notes.listing'.

 (./_minted/F8D17827853FD1A48D2890D1605C67CF.highlight.minted)
Underfull \vbox (badness 10000) has occurred while \output is active []



Package fancyhdr Warning: \headheight is too small (12.0pt): 
(fancyhdr)                Make it at least 13.59999pt, for example:
(fancyhdr)                \setlength{\headheight}{13.59999pt}.
(fancyhdr)                You might also make \topmargin smaller:
(fancyhdr)                \addtolength{\topmargin}{-1.59999pt}.

[147

]

Package fancyhdr Warning: \headheight is too small (12.0pt): 
(fancyhdr)                Make it at least 13.59999pt, for example:
(fancyhdr)                \setlength{\headheight}{13.59999pt}.
(fancyhdr)                You might also make \topmargin smaller:
(fancyhdr)                \addtolength{\topmargin}{-1.59999pt}.

[148]
\openout10 = `notes.listing'.

 (./_minted/A1B615D3C86D92BC14BEF2A844CCA754.highlight.minted)
Underfull \hbox (badness 3128) in paragraph at lines 5384--5384
[][][]\OT1/cmtt/m/n/10.95 .Timestamp[][]\OT1/cmr/m/n/10.95 , the Pan-das re-pla
ce-ment for
 []


Package fancyhdr Warning: \headheight is too small (12.0pt): 
(fancyhdr)                Make it at least 13.59999pt, for example:
(fancyhdr)                \setlength{\headheight}{13.59999pt}.
(fancyhdr)                You might also make \topmargin smaller:
(fancyhdr)                \addtolength{\topmargin}{-1.59999pt}.

[149

]
\openout10 = `notes.listing'.

 (./_minted/01E9A476DEA09ABEEEB2E732A9FB1F2A.highlight.minted)
Underfull \vbox (badness 10000) has occurred while \output is active []



Package fancyhdr Warning: \headheight is too small (12.0pt): 
(fancyhdr)                Make it at least 13.59999pt, for example:
(fancyhdr)                \setlength{\headheight}{13.59999pt}.
(fancyhdr)                You might also make \topmargin smaller:
(fancyhdr)                \addtolength{\topmargin}{-1.59999pt}.

[150

]

Package fancyhdr Warning: \headheight is too small (12.0pt): 
(fancyhdr)                Make it at least 13.59999pt, for example:
(fancyhdr)                \setlength{\headheight}{13.59999pt}.
(fancyhdr)                You might also make \topmargin smaller:
(fancyhdr)                \addtolength{\topmargin}{-1.59999pt}.

[151]

Package fancyhdr Warning: \headheight is too small (12.0pt): 
(fancyhdr)                Make it at least 13.59999pt, for example:
(fancyhdr)                \setlength{\headheight}{13.59999pt}.
(fancyhdr)                You might also make \topmargin smaller:
(fancyhdr)                \addtolength{\topmargin}{-1.59999pt}.

[152]
\openout10 = `notes.listing'.

 (./_minted/6D98B399BC53778A3A9AE1B286D4000C.highlight.minted)
Underfull \vbox (badness 10000) has occurred while \output is active []


Underfull \vbox (badness 10000) has occurred while \output is active []


Underfull \vbox (badness 10000) has occurred while \output is active []


Underfull \vbox (badness 10000) has occurred while \output is active []



Package fancyhdr Warning: \headheight is too small (12.0pt): 
(fancyhdr)                Make it at least 13.59999pt, for example:
(fancyhdr)                \setlength{\headheight}{13.59999pt}.
(fancyhdr)                You might also make \topmargin smaller:
(fancyhdr)                \addtolength{\topmargin}{-1.59999pt}.

[153

]

Package fancyhdr Warning: \headheight is too small (12.0pt): 
(fancyhdr)                Make it at least 13.59999pt, for example:
(fancyhdr)                \setlength{\headheight}{13.59999pt}.
(fancyhdr)                You might also make \topmargin smaller:
(fancyhdr)                \addtolength{\topmargin}{-1.59999pt}.

[154]

Package fancyhdr Warning: \headheight is too small (12.0pt): 
(fancyhdr)                Make it at least 13.59999pt, for example:
(fancyhdr)                \setlength{\headheight}{13.59999pt}.
(fancyhdr)                You might also make \topmargin smaller:
(fancyhdr)                \addtolength{\topmargin}{-1.59999pt}.

[155

]
Underfull \hbox (badness 7869) in paragraph at lines 5709--5709
[]\OT1/cmtt/m/n/10.95 value[]name\OT1/cmr/m/n/10.95 : the name of the source
 []

\openout10 = `notes.listing'.

(./_minted/D36B843C47428C8D442957A7665E6C5D.highlight.minted)
Underfull \vbox (badness 10000) has occurred while \output is active []



Package fancyhdr Warning: \headheight is too small (12.0pt): 
(fancyhdr)                Make it at least 13.59999pt, for example:
(fancyhdr)                \setlength{\headheight}{13.59999pt}.
(fancyhdr)                You might also make \topmargin smaller:
(fancyhdr)                \addtolength{\topmargin}{-1.59999pt}.

[156

]

Package fancyhdr Warning: \headheight is too small (12.0pt): 
(fancyhdr)                Make it at least 13.59999pt, for example:
(fancyhdr)                \setlength{\headheight}{13.59999pt}.
(fancyhdr)                You might also make \topmargin smaller:
(fancyhdr)                \addtolength{\topmargin}{-1.59999pt}.

[157]

Package fancyhdr Warning: \headheight is too small (12.0pt): 
(fancyhdr)                Make it at least 13.59999pt, for example:
(fancyhdr)                \setlength{\headheight}{13.59999pt}.
(fancyhdr)                You might also make \topmargin smaller:
(fancyhdr)                \addtolength{\topmargin}{-1.59999pt}.

[158]
Underfull \hbox (badness 3668) in paragraph at lines 5817--5817
[]\OT1/cmr/m/n/10.95 Pandas has a class to help with this task,
 []

\openout10 = `notes.listing'.

(./_minted/D1DE5C44BB990A5DB132DEE229D12286.highlight.minted)
Underfull \vbox (badness 10000) has occurred while \output is active []



Package fancyhdr Warning: \headheight is too small (12.0pt): 
(fancyhdr)                Make it at least 13.59999pt, for example:
(fancyhdr)                \setlength{\headheight}{13.59999pt}.
(fancyhdr)                You might also make \topmargin smaller:
(fancyhdr)                \addtolength{\topmargin}{-1.59999pt}.

[159

]

Package fancyhdr Warning: \headheight is too small (12.0pt): 
(fancyhdr)                Make it at least 13.59999pt, for example:
(fancyhdr)                \setlength{\headheight}{13.59999pt}.
(fancyhdr)                You might also make \topmargin smaller:
(fancyhdr)                \addtolength{\topmargin}{-1.59999pt}.

[160]
\openout10 = `notes.listing'.

 (./_minted/858D637FB6192E255BC607B24C0C2C03.highlight.minted)

Package fancyhdr Warning: \headheight is too small (12.0pt): 
(fancyhdr)                Make it at least 13.59999pt, for example:
(fancyhdr)                \setlength{\headheight}{13.59999pt}.
(fancyhdr)                You might also make \topmargin smaller:
(fancyhdr)                \addtolength{\topmargin}{-1.59999pt}.

[161

]

Package fancyhdr Warning: \headheight is too small (12.0pt): 
(fancyhdr)                Make it at least 13.59999pt, for example:
(fancyhdr)                \setlength{\headheight}{13.59999pt}.
(fancyhdr)                You might also make \topmargin smaller:
(fancyhdr)                \addtolength{\topmargin}{-1.59999pt}.

[162]
\openout10 = `notes.listing'.

 (./_minted/220D0742DFD7CE1DFE3D4D212BB5A4A0.highlight.minted)
Underfull \vbox (badness 2189) has occurred while \output is active []



Package fancyhdr Warning: \headheight is too small (12.0pt): 
(fancyhdr)                Make it at least 13.59999pt, for example:
(fancyhdr)                \setlength{\headheight}{13.59999pt}.
(fancyhdr)                You might also make \topmargin smaller:
(fancyhdr)                \addtolength{\topmargin}{-1.59999pt}.

[163

]

Package fancyhdr Warning: \headheight is too small (12.0pt): 
(fancyhdr)                Make it at least 13.59999pt, for example:
(fancyhdr)                \setlength{\headheight}{13.59999pt}.
(fancyhdr)                You might also make \topmargin smaller:
(fancyhdr)                \addtolength{\topmargin}{-1.59999pt}.

[164]
\openout10 = `notes.listing'.

 (./_minted/58A3778C01F042A31517B017D225C984.highlight.minted)

Package fancyhdr Warning: \headheight is too small (12.0pt): 
(fancyhdr)                Make it at least 13.59999pt, for example:
(fancyhdr)                \setlength{\headheight}{13.59999pt}.
(fancyhdr)                You might also make \topmargin smaller:
(fancyhdr)                \addtolength{\topmargin}{-1.59999pt}.

[165

]

Package fancyhdr Warning: \headheight is too small (12.0pt): 
(fancyhdr)                Make it at least 13.59999pt, for example:
(fancyhdr)                \setlength{\headheight}{13.59999pt}.
(fancyhdr)                You might also make \topmargin smaller:
(fancyhdr)                \addtolength{\topmargin}{-1.59999pt}.

[166

]

Package fancyhdr Warning: \headheight is too small (12.0pt): 
(fancyhdr)                Make it at least 13.59999pt, for example:
(fancyhdr)                \setlength{\headheight}{13.59999pt}.
(fancyhdr)                You might also make \topmargin smaller:
(fancyhdr)                \addtolength{\topmargin}{-1.59999pt}.

[167]

Package fancyhdr Warning: \headheight is too small (12.0pt): 
(fancyhdr)                Make it at least 13.59999pt, for example:
(fancyhdr)                \setlength{\headheight}{13.59999pt}.
(fancyhdr)                You might also make \topmargin smaller:
(fancyhdr)                \addtolength{\topmargin}{-1.59999pt}.

[168]

Package fancyhdr Warning: \headheight is too small (12.0pt): 
(fancyhdr)                Make it at least 13.59999pt, for example:
(fancyhdr)                \setlength{\headheight}{13.59999pt}.
(fancyhdr)                You might also make \topmargin smaller:
(fancyhdr)                \addtolength{\topmargin}{-1.59999pt}.

[169]

Package fancyhdr Warning: \headheight is too small (12.0pt): 
(fancyhdr)                Make it at least 13.59999pt, for example:
(fancyhdr)                \setlength{\headheight}{13.59999pt}.
(fancyhdr)                You might also make \topmargin smaller:
(fancyhdr)                \addtolength{\topmargin}{-1.59999pt}.

[170] (./notes.ent)

Package fancyhdr Warning: \headheight is too small (12.0pt): 
(fancyhdr)                Make it at least 13.59999pt, for example:
(fancyhdr)                \setlength{\headheight}{13.59999pt}.
(fancyhdr)                You might also make \topmargin smaller:
(fancyhdr)                \addtolength{\topmargin}{-1.59999pt}.

[171

] [172


]
Chapter 6.
[173] [174


] [175] [176]
Appendix A.
[177

]
LaTeX Font Info:    Trying to load font information for OML+cmr on input line 6
218.

(/opt/homebrew/Cellar/texlive/20260301/share/texmf-dist/tex/latex/base/omlcmr.f
d
File: omlcmr.fd 2024/11/19 v2.5n Standard LaTeX font definitions
)
LaTeX Font Info:    Font shape `OML/cmr/m/n' in size <10.95> not available
(Font)              Font shape `OML/cmm/m/it' tried instead on input line 6218.



Package fancyhdr Warning: \headheight is too small (12.0pt): 
(fancyhdr)                Make it at least 13.59999pt, for example:
(fancyhdr)                \setlength{\headheight}{13.59999pt}.
(fancyhdr)                You might also make \topmargin smaller:
(fancyhdr)                \addtolength{\topmargin}{-1.59999pt}.

[178

]

Package fancyhdr Warning: \headheight is too small (12.0pt): 
(fancyhdr)                Make it at least 13.59999pt, for example:
(fancyhdr)                \setlength{\headheight}{13.59999pt}.
(fancyhdr)                You might also make \topmargin smaller:
(fancyhdr)                \addtolength{\topmargin}{-1.59999pt}.

[179]

Package fancyhdr Warning: \headheight is too small (12.0pt): 
(fancyhdr)                Make it at least 13.59999pt, for example:
(fancyhdr)                \setlength{\headheight}{13.59999pt}.
(fancyhdr)                You might also make \topmargin smaller:
(fancyhdr)                \addtolength{\topmargin}{-1.59999pt}.

[180

]

Package fancyhdr Warning: \headheight is too small (12.0pt): 
(fancyhdr)                Make it at least 13.59999pt, for example:
(fancyhdr)                \setlength{\headheight}{13.59999pt}.
(fancyhdr)                You might also make \topmargin smaller:
(fancyhdr)                \addtolength{\topmargin}{-1.59999pt}.

[181]

Package fancyhdr Warning: \headheight is too small (12.0pt): 
(fancyhdr)                Make it at least 13.59999pt, for example:
(fancyhdr)                \setlength{\headheight}{13.59999pt}.
(fancyhdr)                You might also make \topmargin smaller:
(fancyhdr)                \addtolength{\topmargin}{-1.59999pt}.

[182]

Package fancyhdr Warning: \headheight is too small (12.0pt): 
(fancyhdr)                Make it at least 13.59999pt, for example:
(fancyhdr)                \setlength{\headheight}{13.59999pt}.
(fancyhdr)                You might also make \topmargin smaller:
(fancyhdr)                \addtolength{\topmargin}{-1.59999pt}.

[183]

Package fancyhdr Warning: \headheight is too small (12.0pt): 
(fancyhdr)                Make it at least 13.59999pt, for example:
(fancyhdr)                \setlength{\headheight}{13.59999pt}.
(fancyhdr)                You might also make \topmargin smaller:
(fancyhdr)                \addtolength{\topmargin}{-1.59999pt}.

[184]
Underfull \hbox (badness 10000) in paragraph at lines 6509--6509
[]|\OT1/cmtt/m/n/10.95 np.asanyarray(a[, dtype, order,
 []


Underfull \hbox (badness 10000) in paragraph at lines 6517--6517
[]|\OT1/cmtt/m/n/10.95 np.ascontiguousarray(a[, dtype,
 []


Underfull \hbox (badness 10000) in paragraph at lines 6519--6519
[]|\OT1/cmtt/m/n/10.95 np.asarray[]chkfinite(a[, dtype,
 []


Underfull \hbox (badness 10000) in paragraph at lines 6521--6521
[]|\OT1/cmtt/m/n/10.95 np.require(a[, dtype, requirements,
 []


Underfull \hbox (badness 10000) in paragraph at lines 6526--6526
[]|\OT1/cmtt/m/n/10.95 np.concatenate([axis, out, dtype,
 []


Underfull \hbox (badness 10000) in paragraph at lines 6545--6545
[]|\OT1/cmtt/m/n/10.95 np.split(ary, indices[]or[]sections[,
 []


Underfull \hbox (badness 10000) in paragraph at lines 6547--6547
[]|\OT1/cmtt/m/n/10.95 np.array[]split(ary,
 []


Package fancyhdr Warning: \headheight is too small (12.0pt): 
(fancyhdr)                Make it at least 13.59999pt, for example:
(fancyhdr)                \setlength{\headheight}{13.59999pt}.
(fancyhdr)                You might also make \topmargin smaller:
(fancyhdr)                \addtolength{\topmargin}{-1.59999pt}.

[185]

Package fancyhdr Warning: \headheight is too small (12.0pt): 
(fancyhdr)                Make it at least 13.59999pt, for example:
(fancyhdr)                \setlength{\headheight}{13.59999pt}.
(fancyhdr)                You might also make \topmargin smaller:
(fancyhdr)                \addtolength{\topmargin}{-1.59999pt}.

[186]
Underfull \hbox (badness 10000) in paragraph at lines 6584--6584
[]|\OT1/cmtt/m/n/10.95 np.unique(ar[, return[]index,
 []


Package fancyhdr Warning: \headheight is too small (12.0pt): 
(fancyhdr)                Make it at least 13.59999pt, for example:
(fancyhdr)                \setlength{\headheight}{13.59999pt}.
(fancyhdr)                You might also make \topmargin smaller:
(fancyhdr)                \addtolength{\topmargin}{-1.59999pt}.

[187] [188







]
Appendix B.
\openout3 = `notes.ent'.

<github_features.png, id=1669, 775.89874pt x 608.2725pt>
File: github_features.png Graphic file (type png)
<use github_features.png>
Package pdftex.def Info: github_features.png  used on input line 6635.
(pdftex.def)             Requested size: 386.95897pt x 303.36514pt.
[189]
<github_repo.png, id=1676, 1309.89375pt x 946.53625pt>
File: github_repo.png Graphic file (type png)
<use github_repo.png>
Package pdftex.def Info: github_repo.png  used on input line 6654.
(pdftex.def)             Requested size: 584.99089pt x 422.7166pt.


Package fancyhdr Warning: \headheight is too small (12.0pt): 
(fancyhdr)                Make it at least 25.16252pt, for example:
(fancyhdr)                \setlength{\headheight}{25.16252pt}.
(fancyhdr)                You might also make \topmargin smaller:
(fancyhdr)                \addtolength{\topmargin}{-13.16252pt}.

[190 <./github_features.png>]

Package fancyhdr Warning: \headheight is too small (12.0pt): 
(fancyhdr)                Make it at least 13.59999pt, for example:
(fancyhdr)                \setlength{\headheight}{13.59999pt}.
(fancyhdr)                You might also make \topmargin smaller:
(fancyhdr)                \addtolength{\topmargin}{-1.59999pt}.

[191 <./github_repo.png>]
<github_desktop.png, id=1695, 1036.87375pt x 815.045pt>
File: github_desktop.png Graphic file (type png)
<use github_desktop.png>
Package pdftex.def Info: github_desktop.png  used on input line 6667.
(pdftex.def)             Requested size: 459.51054pt x 361.2077pt.
<github_desktop_login.png, id=1699, 960.58875pt x 662.475pt>
File: github_desktop_login.png Graphic file (type png)
<use github_desktop_login.png>
Package pdftex.def Info: github_desktop_login.png  used on input line 6676.
(pdftex.def)             Requested size: 483.69687pt x 333.59198pt.
<fetch_name_and_clone.png, id=1700, 960.58875pt x 662.475pt>
File: fetch_name_and_clone.png Graphic file (type png)
<use fetch_name_and_clone.png>
Package pdftex.def Info: fetch_name_and_clone.png  used on input line 6682.
(pdftex.def)             Requested size: 483.69687pt x 333.59198pt.
<clone_with_url.png, id=1701, 960.58875pt x 662.475pt>
File: clone_with_url.png Graphic file (type png)
<use clone_with_url.png>
Package pdftex.def Info: clone_with_url.png  used on input line 6688.
(pdftex.def)             Requested size: 483.69687pt x 333.59198pt.


Package fancyhdr Warning: \headheight is too small (12.0pt): 
(fancyhdr)                Make it at least 25.16252pt, for example:
(fancyhdr)                \setlength{\headheight}{25.16252pt}.
(fancyhdr)                You might also make \topmargin smaller:
(fancyhdr)                \addtolength{\topmargin}{-13.16252pt}.

[192

 <./github_desktop.png>]

Package fancyhdr Warning: \headheight is too small (12.0pt): 
(fancyhdr)                Make it at least 13.59999pt, for example:
(fancyhdr)                \setlength{\headheight}{13.59999pt}.
(fancyhdr)                You might also make \topmargin smaller:
(fancyhdr)                \addtolength{\topmargin}{-1.59999pt}.

[193 <./github_desktop_login.png> <./fetch_name_and_clone.png>]
<github_options.png, id=1714, 960.58875pt x 662.475pt>
File: github_options.png Graphic file (type png)
<use github_options.png>
Package pdftex.def Info: github_options.png  used on input line 6711.
(pdftex.def)             Requested size: 483.69687pt x 333.59198pt.


Package fancyhdr Warning: \headheight is too small (12.0pt): 
(fancyhdr)                Make it at least 25.16252pt, for example:
(fancyhdr)                \setlength{\headheight}{25.16252pt}.
(fancyhdr)                You might also make \topmargin smaller:
(fancyhdr)                \addtolength{\topmargin}{-13.16252pt}.

[194 <./clone_with_url.png>]

Package fancyhdr Warning: \headheight is too small (12.0pt): 
(fancyhdr)                Make it at least 13.59999pt, for example:
(fancyhdr)                \setlength{\headheight}{13.59999pt}.
(fancyhdr)                You might also make \topmargin smaller:
(fancyhdr)                \addtolength{\topmargin}{-1.59999pt}.

[195 <./github_options.png>] (./notes.ent)

Package fancyhdr Warning: \headheight is too small (12.0pt): 
(fancyhdr)                Make it at least 25.16252pt, for example:
(fancyhdr)                \setlength{\headheight}{25.16252pt}.
(fancyhdr)                You might also make \topmargin smaller:
(fancyhdr)                \addtolength{\topmargin}{-13.16252pt}.

[196

] (./notes.aux)
 ***********
LaTeX2e <2025-11-01>
L3 programming layer <2026-01-19>
 ***********


LaTeX Font Warning: Some font shapes were not available, defaults substituted.

Package rerunfilecheck Info: File `notes.out' has not changed.
(rerunfilecheck)             Checksum: 3A51CA9A1BABE933776183B93B8FE2E3;10204.
 ) 
Here is how much of TeX's memory you used:
 54386 strings out of 467525
 1354817 string characters out of 5408440
 2122322 words of memory out of 5000000
 81887 multiletter control sequences out of 15000+600000
 639922 words of font info for 83 fonts, out of 8000000 for 9000
 1141 hyphenation exceptions out of 8191
 116i,19n,121p,1746b,2448s stack positions out of 10000i,1000n,20000p,200000b,200000s
</opt/homebrew/Cellar/texlive/20260301/share/texmf-dist/fonts/type1/public/am
sfonts/cm/cmbx10.pfb></opt/homebrew/Cellar/texlive/20260301/share/texmf-dist/fo
nts/type1/public/amsfonts/cm/cmbx12.pfb></opt/homebrew/Cellar/texlive/20260301/
share/texmf-dist/fonts/type1/public/amsfonts/cm/cmcsc10.pfb></opt/homebrew/Cell
ar/texlive/20260301/share/texmf-dist/fonts/type1/public/amsfonts/cm/cmex10.pfb>
</opt/homebrew/Cellar/texlive/20260301/share/texmf-dist/fonts/type1/public/amsf
onts/cm/cmmi10.pfb></opt/homebrew/Cellar/texlive/20260301/share/texmf-dist/font
s/type1/public/amsfonts/cm/cmmi8.pfb></opt/homebrew/Cellar/texlive/20260301/sha
re/texmf-dist/fonts/type1/public/amsfonts/cm/cmr10.pfb></opt/homebrew/Cellar/te
xlive/20260301/share/texmf-dist/fonts/type1/public/amsfonts/cm/cmr17.pfb></opt/
homebrew/Cellar/texlive/20260301/share/texmf-dist/fonts/type1/public/amsfonts/c
m/cmr6.pfb></opt/homebrew/Cellar/texlive/20260301/share/texmf-dist/fonts/type1/
public/amsfonts/cm/cmr8.pfb></opt/homebrew/Cellar/texlive/20260301/share/texmf-
dist/fonts/type1/public/amsfonts/cm/cmr9.pfb></opt/homebrew/Cellar/texlive/2026
0301/share/texmf-dist/fonts/type1/public/amsfonts/cm/cmsl10.pfb></opt/homebrew/
Cellar/texlive/20260301/share/texmf-dist/fonts/type1/public/amsfonts/cm/cmsltt1
0.pfb></opt/homebrew/Cellar/texlive/20260301/share/texmf-dist/fonts/type1/publi
c/amsfonts/cm/cmss10.pfb></opt/homebrew/Cellar/texlive/20260301/share/texmf-dis
t/fonts/type1/public/amsfonts/cm/cmss12.pfb></opt/homebrew/Cellar/texlive/20260
301/share/texmf-dist/fonts/type1/public/amsfonts/cm/cmssbx10.pfb></opt/homebrew
/Cellar/texlive/20260301/share/texmf-dist/fonts/type1/public/amsfonts/cm/cmsy10
.pfb></opt/homebrew/Cellar/texlive/20260301/share/texmf-dist/fonts/type1/public
/amsfonts/cm/cmsy8.pfb></opt/homebrew/Cellar/texlive/20260301/share/texmf-dist/
fonts/type1/public/amsfonts/cm/cmti10.pfb></opt/homebrew/Cellar/texlive/2026030
1/share/texmf-dist/fonts/type1/public/amsfonts/cm/cmti9.pfb></opt/homebrew/Cell
ar/texlive/20260301/share/texmf-dist/fonts/type1/public/amsfonts/cm/cmtt10.pfb>
</opt/homebrew/Cellar/texlive/20260301/share/texmf-dist/fonts/type1/public/amsf
onts/cm/cmtt12.pfb></opt/homebrew/Cellar/texlive/20260301/share/texmf-dist/font
s/type1/public/amsfonts/cm/cmtt9.pfb></opt/homebrew/Cellar/texlive/20260301/sha
re/texmf-dist/fonts/type1/public/cm-super/sfrm1095.pfb></opt/homebrew/Cellar/te
xlive/20260301/share/texmf-dist/fonts/type1/public/cm-super/sftt1095.pfb>
Output written on notes.pdf (204 pages, 4911719 bytes).
PDF statistics:
 1918 PDF objects out of 2073 (max. 8388607)
 1597 compressed objects within 16 object streams
 356 named destinations out of 1000 (max. 500000)
 605 words of extra memory for PDF output out of 10000 (max. 10000000)

